"University","Category","Email","QS 2026 Rank"
"Imperial College London","General Admissions","admissions@imperial.ac.uk","2"
"Imperial College London","UG Admissions","ugadmissions@imperial.ac.uk","2"
"Imperial College London","PGT Admissions","pgtadmissions@imperial.ac.uk","2"
"Imperial College London","PGR Admissions","phd@imperial.ac.uk","2"
"Imperial College London","CS/Computing Dept","doc-enquiries@imperial.ac.uk","2"
"Imperial College London","Engineering Admissions","eng-admissions@imperial.ac.uk","2"
"Imperial College London","International Admissions","international@imperial.ac.uk","2"
"Imperial College London","CAS Queries","cas@imperial.ac.uk","2"
"Imperial College London","Student Finance","student.finance@imperial.ac.uk","2"
"University of Oxford","General Admissions","admissions@ox.ac.uk","4"
"University of Oxford","UG Admissions","undergraduate.admissions@ox.ac.uk","4"
"University of Oxford","PGT Admissions","graduate.admissions@ox.ac.uk","4"
"University of Oxford","PGR Admissions","graduate.admissions@ox.ac.uk","4"
"University of Oxford","CS Department","enquiries@cs.ox.ac.uk","4"
"University of Oxford","Engineering","undergraduate@eng.ox.ac.uk","4"
"University of Oxford","International Admissions","international.office@admin.ox.ac.uk","4"
"University of Oxford","Student Fees","fees@admin.ox.ac.uk","4"
"University of Oxford","Accommodation","accommodation@admin.ox.ac.uk","4"
"University of Cambridge","General Admissions","admissions@cam.ac.uk","6"
"University of Cambridge","UG Admissions","ug-admissions@cam.ac.uk","6"
"University of Cambridge","PGT Admissions","graduate.admissions@cam.ac.uk","6"
"University of Cambridge","PGR Admissions","graduate.study@cam.ac.uk","6"
"University of Cambridge","CS Department","enquiries@cst.cam.ac.uk","6"
"University of Cambridge","Engineering","eng-admissions@eng.cam.ac.uk","6"
"University of Cambridge","International Admissions","international@admin.cam.ac.uk","6"
"University of Cambridge","Student Finance","fees@cam.ac.uk","6"
"University of Cambridge","Accommodation","accommodation@admin.cam.ac.uk","6"
"UCL (Univ College London)","General Admissions","admissions@ucl.ac.uk","9"
"UCL (Univ College London)","UG Admissions","ug-admissions@ucl.ac.uk","9"
"UCL (Univ College London)","PGT Admissions","pgt-admissions@ucl.ac.uk","9"
"UCL (Univ College London)","PGR Admissions","pgr-admissions@ucl.ac.uk","9"
"UCL (Univ College London)","CS Department","cs.undergraduate@ucl.ac.uk","9"
"UCL (Univ College London)","Engineering","eng-admissions@ucl.ac.uk","9"
"UCL (Univ College London)","International Admissions","international@ucl.ac.uk","9"
"UCL (Univ College London)","Student Fees","fees@ucl.ac.uk","9"
"UCL (Univ College London)","ML/Info Security MSc","pgt-admissions@ucl.ac.uk","9"
"Kings College London","General Admissions","admissions@kcl.ac.uk","31"
"Kings College London","UG Admissions","ug-admissions@kcl.ac.uk","31"
"Kings College London","PGT Admissions","pg-admissions@kcl.ac.uk","31"
"Kings College London","PGR Admissions","phd-admissions@kcl.ac.uk","31"
"Kings College London","Informatics (CS)","csadmissions@kcl.ac.uk","31"
"Kings College London","Engineering","engineering@kcl.ac.uk","31"
"Kings College London","International Admissions","international@kcl.ac.uk","31"
"Kings College London","CAS Queries","cas@kcl.ac.uk","31"
"Kings College London","AI/Cyber Security MSc","pg-admissions@kcl.ac.uk","31"
"University of Edinburgh","General Admissions","admissions@ed.ac.uk","34"
"University of Edinburgh","UG Admissions","ug.admissions@ed.ac.uk","34"
"University of Edinburgh","PGT Admissions","pg.admissions@ed.ac.uk","34"
"University of Edinburgh","PGR Admissions","phd.admissions@ed.ac.uk","34"
"University of Edinburgh","Informatics (CS)","informatics@ed.ac.uk","34"
"University of Edinburgh","Engineering","eng-admissions@ed.ac.uk","34"
"University of Edinburgh","International Admissions","international@ed.ac.uk","34"
"University of Edinburgh","Student Finance","fees@ed.ac.uk","34"
"University of Edinburgh","AI/Cyber Privacy MSc","pg.admissions@ed.ac.uk","34"
"University of Manchester","General Admissions","admissions@manchester.ac.uk","35"
"University of Manchester","UG Admissions","ug.admissions@manchester.ac.uk","35"
"University of Manchester","PGT Admissions","pgt.admissions@manchester.ac.uk","35"
"University of Manchester","PGR Admissions","phd.admissions@manchester.ac.uk","35"
"University of Manchester","CS Department","cs-admissions@manchester.ac.uk","35"
"University of Manchester","Engineering","eng-admissions@manchester.ac.uk","35"
"University of Manchester","International Admissions","international@manchester.ac.uk","35"
"University of Manchester","CAS Team","cas@manchester.ac.uk","35"
"University of Manchester","Student Fees","fees@manchester.ac.uk","35"
"University of Manchester","Accommodation","accommodation@manchester.ac.uk","35"
"University of Bristol","General Admissions","admissions@bristol.ac.uk","51"
"University of Bristol","UG Admissions","ug-admissions@bristol.ac.uk","51"
"University of Bristol","PGT Admissions","pgt-admissions@bristol.ac.uk","51"
"University of Bristol","PGR Admissions","pgr-admissions@bristol.ac.uk","51"
"University of Bristol","CS Department","cs-admissions@bristol.ac.uk","51"
"University of Bristol","Engineering","eng-admissions@bristol.ac.uk","51"
"University of Bristol","International Admissions","international-admissions@bristol.ac.uk","51"
"University of Bristol","Student Finance","fees@bristol.ac.uk","51"
"University of Bristol","AI/Cyber Security MSc","pgt-admissions@bristol.ac.uk","51"
"LSE","General Admissions","admissions@lse.ac.uk","56"
"LSE","UG Admissions","ug.admissions@lse.ac.uk","56"
"LSE","PGT Admissions","pgt.admissions@lse.ac.uk","56"
"LSE","PGR Admissions","phd.admissions@lse.ac.uk","56"
"LSE","Data Science Dept","datascience@lse.ac.uk","56"
"LSE","International Admissions","international@lse.ac.uk","56"
"LSE","Student Finance","fees@lse.ac.uk","56"
"LSE","CAS Queries","cas@lse.ac.uk","56"
"LSE","Accommodation","accommodation@lse.ac.uk","56"
"University of Warwick","General Admissions","admissions@warwick.ac.uk","74"
"University of Warwick","UG Admissions","ug.admissions@warwick.ac.uk","74"
"University of Warwick","PGT Admissions","pg.admissions@warwick.ac.uk","74"
"University of Warwick","PGR Admissions","phd.admissions@warwick.ac.uk","74"
"University of Warwick","CS/WMG","cs.admissions@warwick.ac.uk","74"
"University of Warwick","Engineering","eng.admissions@warwick.ac.uk","74"
"University of Warwick","International Admissions","international@warwick.ac.uk","74"
"University of Warwick","Student Finance","fees@warwick.ac.uk","74"
"University of Warwick","AI/Cyber Security MSc","pg.admissions@warwick.ac.uk","74"
"Univ of Birmingham","General Admissions","admissions@bham.ac.uk","76"
"Univ of Birmingham","UG Admissions","ug-admissions@bham.ac.uk","76"
"Univ of Birmingham","PGT Admissions","pgt-admissions@bham.ac.uk","76"
"Univ of Birmingham","PGR Admissions","pgr-admissions@bham.ac.uk","76"
"Univ of Birmingham","CS Department","cs-admissions@bham.ac.uk","76"
"Univ of Birmingham","Engineering","eng-admissions@bham.ac.uk","76"
"Univ of Birmingham","International Admissions","international@bham.ac.uk","76"
"Univ of Birmingham","Student Fees","fees@bham.ac.uk","76"
"Univ of Birmingham","AI/ML/Cyber MSc","pgt-admissions@bham.ac.uk","76"
"Univ of Glasgow","General Admissions","admissions@glasgow.ac.uk","79"
"Univ of Glasgow","UG Admissions","ug-admissions@glasgow.ac.uk","79"
"Univ of Glasgow","PGT Admissions","pgadmissions@glasgow.ac.uk","79"
"Univ of Glasgow","PGR Admissions","pgradmissions@glasgow.ac.uk","79"
"Univ of Glasgow","CS Department","cs-admissions@glasgow.ac.uk","79"
"Univ of Glasgow","Engineering","eng-admissions@glasgow.ac.uk","79"
"Univ of Glasgow","International Admissions","international@glasgow.ac.uk","79"
"Univ of Glasgow","CAS Team","cas@glasgow.ac.uk","79"
"Univ of Glasgow","Student Finance","studentfees@glasgow.ac.uk","79"
"Univ of Glasgow","Accommodation","accommodation@glasgow.ac.uk","79"
"University of Leeds","General Admissions","admissions@leeds.ac.uk","86"
"University of Leeds","UG Admissions","ug.admissions@leeds.ac.uk","86"
"University of Leeds","PGT Admissions","pg.admissions@leeds.ac.uk","86"
"University of Leeds","PGR Admissions","phd.admissions@leeds.ac.uk","86"
"University of Leeds","CS/Computing","computing@leeds.ac.uk","86"
"University of Leeds","Engineering","eng-admissions@leeds.ac.uk","86"
"University of Leeds","International Admissions","international@leeds.ac.uk","86"
"University of Leeds","Student Finance","fees@leeds.ac.uk","86"
"University of Leeds","AI/Cyber Security MSc","pg.admissions@leeds.ac.uk","86"
"Univ of Southampton","General Admissions","admissions@southampton.ac.uk","87"
"Univ of Southampton","UG Admissions","ug.admissions@southampton.ac.uk","87"
"Univ of Southampton","PGT Admissions","pgt.admissions@southampton.ac.uk","87"
"Univ of Southampton","PGR Admissions","pgr.apply@southampton.ac.uk","87"
"Univ of Southampton","ECS (CS/Eng)","ecs.admissions@southampton.ac.uk","87"
"Univ of Southampton","International Admissions","international@southampton.ac.uk","87"
"Univ of Southampton","CAS Queries","cas@southampton.ac.uk","87"
"Univ of Southampton","AI/Cyber Security MSc","pgt.admissions.ecs@southampton.ac.uk","87"
"Univ of Southampton","Student Finance","studentfees@southampton.ac.uk","87"
"Univ of Sheffield","General Admissions","admissions@sheffield.ac.uk","92"
"Univ of Sheffield","UG Admissions","ug.admissions@sheffield.ac.uk","92"
"Univ of Sheffield","PGT Admissions","pgt.admissions@sheffield.ac.uk","92"
"Univ of Sheffield","PGR Admissions","pgr.admissions@sheffield.ac.uk","92"
"Univ of Sheffield","CS Department","cs-admissions@sheffield.ac.uk","92"
"Univ of Sheffield","Engineering","eng-admissions@sheffield.ac.uk","92"
"Univ of Sheffield","International Admissions","international@sheffield.ac.uk","92"
"Univ of Sheffield","Student Finance","fees@sheffield.ac.uk","92"
"Univ of Sheffield","AI/Cyber Security MSc","pgt.admissions@sheffield.ac.uk","92"
"Univ of Sheffield","Accommodation","accommodation@sheffield.ac.uk","92"
"Durham University","General Admissions","admissions@durham.ac.uk","94"
"Durham University","UG Admissions","ug.admissions@durham.ac.uk","94"
"Durham University","PGT Admissions","pg.admissions@durham.ac.uk","94"
"Durham University","PGR Admissions","phd.admissions@durham.ac.uk","94"
"Durham University","CS Department","cs.admissions@durham.ac.uk","94"
"Durham University","Engineering","eng.admissions@durham.ac.uk","94"
"Durham University","International Admissions","international@durham.ac.uk","94"
"Durham University","Student Finance","fees@durham.ac.uk","94"
"Durham University","CAS Queries","cas@durham.ac.uk","94"
"Durham University","AI/Data Science MSc","pg.admissions@durham.ac.uk","94"
"Univ of Nottingham","General Admissions","admissions@nottingham.ac.uk","97"
"Univ of Nottingham","UG Admissions","ug-admissions@nottingham.ac.uk","97"
"Univ of Nottingham","PGT Admissions","pgt-admissions@nottingham.ac.uk","97"
"Univ of Nottingham","PGR Admissions","pgr-admissions@nottingham.ac.uk","97"
"Univ of Nottingham","CS School","cs-admissions@nottingham.ac.uk","97"
"Univ of Nottingham","Engineering","eng-admissions@nottingham.ac.uk","97"
"Univ of Nottingham","International Admissions","international@nottingham.ac.uk","97"
"Univ of Nottingham","Student Fees","fees@nottingham.ac.uk","97"
"Univ of Nottingham","AI/Cyber Security MSc","pgt-admissions@nottingham.ac.uk","97"
"Univ of St Andrews","General Admissions","admissions@st-andrews.ac.uk","113"
"Univ of St Andrews","UG Admissions","ug.admissions@st-andrews.ac.uk","113"
"Univ of St Andrews","PGT Admissions","pg.admissions@st-andrews.ac.uk","113"
"Univ of St Andrews","PGR Admissions","phd.admissions@st-andrews.ac.uk","113"
"Univ of St Andrews","CS School","cs-admissions@st-andrews.ac.uk","113"
"Univ of St Andrews","International Admissions","international@st-andrews.ac.uk","113"
"Univ of St Andrews","Student Finance","fees@st-andrews.ac.uk","113"
"Univ of St Andrews","Accommodation","accommodation@st-andrews.ac.uk","113"
"Univ of St Andrews","AI/Data Science MSc","pg.admissions@st-andrews.ac.uk","113"
"Newcastle University","General Admissions","admissions@ncl.ac.uk","137"
"Newcastle University","UG Admissions","ug-admissions@ncl.ac.uk","137"
"Newcastle University","PGT Admissions","pgt-admissions@ncl.ac.uk","137"
"Newcastle University","PGR Admissions","phd-admissions@ncl.ac.uk","137"
"Newcastle University","CS/Computing","computing@ncl.ac.uk","137"
"Newcastle University","Engineering","eng-admissions@ncl.ac.uk","137"
"Newcastle University","International Admissions","international@ncl.ac.uk","137"
"Newcastle University","Student Finance","fees@ncl.ac.uk","137"
"Newcastle University","AI/Cyber Security MSc","pgt-admissions@ncl.ac.uk","137"
"Lancaster University","General Admissions","admissions@lancaster.ac.uk","157"
"Lancaster University","UG Admissions","ug.admissions@lancaster.ac.uk","157"
"Lancaster University","PGT Admissions","pg.admissions@lancaster.ac.uk","157"
"Lancaster University","PGR Admissions","phd.admissions@lancaster.ac.uk","157"
"Lancaster University","CS/Computing","computing@lancaster.ac.uk","157"
"Lancaster University","Engineering","eng.admissions@lancaster.ac.uk","157"
"Lancaster University","International Admissions","international@lancaster.ac.uk","157"
"Lancaster University","Student Fees","fees@lancaster.ac.uk","157"
"Lancaster University","Cyber/Data Science MSc","pg.admissions@lancaster.ac.uk","157"
"Univ of York","General Admissions","admissions@york.ac.uk","169"
"Univ of York","UG Admissions","ug-admissions@york.ac.uk","169"
"Univ of York","PGT Admissions","pg-admissions@york.ac.uk","169"
"Univ of York","PGR Admissions","phd-admissions@york.ac.uk","169"
"Univ of York","CS Department","cs-admissions@york.ac.uk","169"
"Univ of York","Engineering","eng-admissions@york.ac.uk","169"
"Univ of York","International Admissions","international@york.ac.uk","169"
"Univ of York","Student Finance","fees@york.ac.uk","169"
"Univ of York","AI/Cyber Security MSc","pg-admissions@york.ac.uk","169"
"Cardiff University","General Admissions","admissions@cardiff.ac.uk","181"
"Cardiff University","UG Admissions","ug.admissions@cardiff.ac.uk","181"
"Cardiff University","PGT Admissions","pg.admissions@cardiff.ac.uk","181"
"Cardiff University","PGR Admissions","phd.admissions@cardiff.ac.uk","181"
"Cardiff University","CS/Informatics","comsc-admissions@cardiff.ac.uk","181"
"Cardiff University","Engineering","eng-admissions@cardiff.ac.uk","181"
"Cardiff University","International Admissions","international@cardiff.ac.uk","181"
"Cardiff University","Student Fees","fees@cardiff.ac.uk","181"
"Cardiff University","Cyber Security MSc","pg.admissions@cardiff.ac.uk","181"
"Cardiff University","Accommodation","accommodation@cardiff.ac.uk","181"
"Loughborough University","General Admissions","admissions@lboro.ac.uk","225"
"Loughborough University","UG Admissions","ug.admissions@lboro.ac.uk","225"
"Loughborough University","PGT Admissions","pg.admissions@lboro.ac.uk","225"
"Loughborough University","PGR Admissions","phd.admissions@lboro.ac.uk","225"
"Loughborough University","CS Department","cs.admissions@lboro.ac.uk","225"
"Loughborough University","Engineering","eng.admissions@lboro.ac.uk","225"
"Loughborough University","International Admissions","international@lboro.ac.uk","225"
"Loughborough University","Student Finance","fees@lboro.ac.uk","225"
"Loughborough University","AI/Data Analytics MSc","pg.admissions@lboro.ac.uk","225"
"Queen Mary Univ of London","General Admissions","admissions@qmul.ac.uk","N/A"
"Queen Mary Univ of London","UG Admissions","ug-admissions@qmul.ac.uk","N/A"
"Queen Mary Univ of London","PGT Admissions","pgt-admissions@qmul.ac.uk","N/A"
"Queen Mary Univ of London","PGR Admissions","phd-admissions@qmul.ac.uk","N/A"
"Queen Mary Univ of London","ECS (CS/Eng)","ecs-admissions@qmul.ac.uk","N/A"
"Queen Mary Univ of London","Engineering","eng-admissions@qmul.ac.uk","N/A"
"Queen Mary Univ of London","International Admissions","international@qmul.ac.uk","N/A"
"Queen Mary Univ of London","Student Fees","fees@qmul.ac.uk","N/A"
"Queen Mary Univ of London","AI/ML/Cyber MSc","pgt-admissions@qmul.ac.uk","N/A"
"Royal Holloway Univ London","General Admissions","admissions@rhul.ac.uk","N/A"
"Royal Holloway Univ London","UG Admissions","ug.admissions@rhul.ac.uk","N/A"
"Royal Holloway Univ London","PGT Admissions","pg.admissions@rhul.ac.uk","N/A"
"Royal Holloway Univ London","PGR Admissions","phd.admissions@rhul.ac.uk","N/A"
"Royal Holloway Univ London","Info Security","infosec@rhul.ac.uk","N/A"
"Royal Holloway Univ London","CS Department","cs.admissions@rhul.ac.uk","N/A"
"Royal Holloway Univ London","International Admissions","international@rhul.ac.uk","N/A"
"Royal Holloway Univ London","Student Finance","fees@rhul.ac.uk","N/A"
"Royal Holloway Univ London","Cyber/Data Science MSc","pg.admissions@rhul.ac.uk","N/A"
"University of Bath","General Admissions","admissions@bath.ac.uk","408"
"University of Bath","UG Admissions","ug-admissions@bath.ac.uk","408"
"University of Bath","PGT Admissions","pgt-admissions@bath.ac.uk","408"
"University of Bath","PGR Admissions","phd-admissions@bath.ac.uk","408"
"University of Bath","CS Department","cs-admissions@bath.ac.uk","408"
"University of Bath","Engineering","eng-admissions@bath.ac.uk","408"
"University of Bath","International Admissions","international@bath.ac.uk","408"
"University of Bath","Student Finance","fees@bath.ac.uk","408"
"University of Bath","AI/Advanced ML MSc","pgt-admissions@bath.ac.uk","408"
"University of Liverpool","General Admissions","admissions@liverpool.ac.uk","441"
"University of Liverpool","UG Admissions","ug.admissions@liverpool.ac.uk","441"
"University of Liverpool","PGT Admissions","pgt.admissions@liverpool.ac.uk","441"
"University of Liverpool","PGR Admissions","phd.admissions@liverpool.ac.uk","441"
"University of Liverpool","CS Department","cs.admissions@liverpool.ac.uk","441"
"University of Liverpool","Engineering","eng.admissions@liverpool.ac.uk","441"
"University of Liverpool","International Admissions","international@liverpool.ac.uk","441"
"University of Liverpool","Student Finance","fees@liverpool.ac.uk","441"
"University of Liverpool","AI/Cyber Security MSc","pgt.admissions@liverpool.ac.uk","441"
"University of Surrey","General Admissions","admissions@surrey.ac.uk","461"
"University of Surrey","UG Admissions","ug.admissions@surrey.ac.uk","461"
"University of Surrey","PGT Admissions","pgt.admissions@surrey.ac.uk","461"
"University of Surrey","PGR Admissions","phd.admissions@surrey.ac.uk","461"
"University of Surrey","CS Department","cs.admissions@surrey.ac.uk","461"
"University of Surrey","Engineering","eng.admissions@surrey.ac.uk","461"
"University of Surrey","International Admissions","international@surrey.ac.uk","461"
"University of Surrey","Student Fees","fees@surrey.ac.uk","461"
"University of Surrey","AI/Computer Vision MSc","pgt.admissions@surrey.ac.uk","461"
"University of East Anglia","General Admissions","admissions@uea.ac.uk","474"
"University of East Anglia","UG Admissions","ug.admissions@uea.ac.uk","474"
"University of East Anglia","PGT Admissions","pgt.admissions@uea.ac.uk","474"
"University of East Anglia","PGR Admissions","phd.admissions@uea.ac.uk","474"
"University of East Anglia","CS/Computing","cs.admissions@uea.ac.uk","474"
"University of East Anglia","Engineering","eng.admissions@uea.ac.uk","474"
"University of East Anglia","International Admissions","international@uea.ac.uk","474"
"University of East Anglia","Cyber/Data Science MSc","pgt.admissions@uea.ac.uk","474"
"University of East Anglia","Accommodation","accommodation@uea.ac.uk","474"
"University of Aberdeen","General Admissions","admissions@abdn.ac.uk","508"
"University of Aberdeen","UG Admissions","ug.admissions@abdn.ac.uk","508"
"University of Aberdeen","PGT Admissions","pgt.admissions@abdn.ac.uk","508"
"University of Aberdeen","PGR Admissions","phd.admissions@abdn.ac.uk","508"
"University of Aberdeen","CS/Computing","cs.admissions@abdn.ac.uk","508"
"University of Aberdeen","Engineering","eng.admissions@abdn.ac.uk","508"
"University of Aberdeen","International Admissions","international@abdn.ac.uk","508"
"University of Aberdeen","Student Finance","fees@abdn.ac.uk","508"
"University of Aberdeen","AI/Cyber Security MSc","pgt.admissions@abdn.ac.uk","508"
"University of Strathclyde","General Admissions","admissions@strath.ac.uk","511"
"University of Strathclyde","UG Admissions","ug.admissions@strath.ac.uk","511"
"University of Strathclyde","PGT Admissions","pgt.admissions@strath.ac.uk","511"
"University of Strathclyde","PGR Admissions","pgr.admissions@strath.ac.uk","511"
"University of Strathclyde","CS Department","cs.admissions@strath.ac.uk","511"
"University of Strathclyde","Engineering","eng.admissions@strath.ac.uk","511"
"University of Strathclyde","International Admissions","international@strath.ac.uk","511"
"University of Strathclyde","CAS Team","cas.admissions@strath.ac.uk","511"
"University of Strathclyde","ML/Deep Learning MSc","pgt.admissions@strath.ac.uk","511"
"University of Strathclyde","Student Fees","feestatus.enquiries@strath.ac.uk","511"
"Heriot-Watt University","General Admissions","admissions@hw.ac.uk","287"
"Heriot-Watt University","UG Admissions","ug.admissions@hw.ac.uk","287"
"Heriot-Watt University","PGT Admissions","pgt.admissions@hw.ac.uk","287"
"Heriot-Watt University","PGR Admissions","pgr.admissions@hw.ac.uk","287"
"Heriot-Watt University","CS/Mathematics","cs.admissions@hw.ac.uk","287"
"Heriot-Watt University","Engineering","eng.admissions@hw.ac.uk","287"
"Heriot-Watt University","International Admissions","international@hw.ac.uk","287"
"Heriot-Watt University","Student Finance","fees@hw.ac.uk","287"
"Heriot-Watt University","AI/Cyber Security MSc","pgt.admissions@hw.ac.uk","287"
"University of Sussex","General Admissions","admissions@sussex.ac.uk","278"
"University of Sussex","UG Admissions","ug.admissions@sussex.ac.uk","278"
"University of Sussex","PGT Admissions","pg.admissions@sussex.ac.uk","278"
"University of Sussex","PGR Admissions","phd.admissions@sussex.ac.uk","278"
"University of Sussex","CS/Informatics","informatics@sussex.ac.uk","278"
"University of Sussex","Engineering","eng.admissions@sussex.ac.uk","278"
"University of Sussex","International Admissions","international@sussex.ac.uk","278"
"University of Sussex","Student Fees","fees@sussex.ac.uk","278"
"University of Sussex","AI/Cyber Security MSc","pg.admissions@sussex.ac.uk","278"
"Swansea University","General Admissions","admissions@swansea.ac.uk","292"
"Swansea University","UG Admissions","ug.admissions@swansea.ac.uk","292"
"Swansea University","PGT Admissions","pg.admissions@swansea.ac.uk","292"
"Swansea University","PGR Admissions","phd.admissions@swansea.ac.uk","292"
"Swansea University","CS Department","cs.admissions@swansea.ac.uk","292"
"Swansea University","Engineering","eng.admissions@swansea.ac.uk","292"
"Swansea University","International Admissions","international@swansea.ac.uk","292"
"Swansea University","Student Finance","fees@swansea.ac.uk","292"
"Swansea University","AI/ML/Data Science MSc","pg.admissions@swansea.ac.uk","292"
"City St George's Univ","General Admissions","admissions@citystgeorges.ac.uk","310"
"City St George's Univ","UG Admissions","ug.admissions@city.ac.uk","310"
"City St George's Univ","PGT Admissions","pg.admissions@city.ac.uk","310"
"City St George's Univ","PGR Admissions","phd.admissions@city.ac.uk","310"
"City St George's Univ","CS/Computing","computing@city.ac.uk","310"
"City St George's Univ","Engineering","eng.admissions@city.ac.uk","310"
"City St George's Univ","International Admissions","international@city.ac.uk","310"
"City St George's Univ","Student Finance","fees@city.ac.uk","310"
"City St George's Univ","AI/Cyber Security MSc","pg.admissions@city.ac.uk","310"
"University of Leicester","General Admissions","admissions@leicester.ac.uk","326"
"University of Leicester","UG Admissions","ug.admissions@leicester.ac.uk","326"
"University of Leicester","PGT Admissions","pg.admissions@leicester.ac.uk","326"
"University of Leicester","PGR Admissions","phd.admissions@leicester.ac.uk","326"
"University of Leicester","CS Department","cs.admissions@leicester.ac.uk","326"
"University of Leicester","Engineering","eng.admissions@leicester.ac.uk","326"
"University of Leicester","International Admissions","international@leicester.ac.uk","326"
"University of Leicester","Student Finance","fees@leicester.ac.uk","326"
"University of Leicester","AI/Data Science MSc","pg.admissions@leicester.ac.uk","326"
"Oxford Brookes University","General Admissions","admissions@brookes.ac.uk","374"
"Oxford Brookes University","UG Admissions","ug.admissions@brookes.ac.uk","374"
"Oxford Brookes University","PGT Admissions","pg.admissions@brookes.ac.uk","374"
"Oxford Brookes University","PGR Admissions","phd.admissions@brookes.ac.uk","374"
"Oxford Brookes University","CS/Computing","computing@brookes.ac.uk","374"
"Oxford Brookes University","Engineering","eng.admissions@brookes.ac.uk","374"
"Oxford Brookes University","International Admissions","international@brookes.ac.uk","374"
"Oxford Brookes University","Student Finance","fees@brookes.ac.uk","374"
"Oxford Brookes University","Cyber Security MSc","pg.admissions@brookes.ac.uk","374"
"Oxford Brookes University","Accommodation","accommodation@brookes.ac.uk","374"
"Brunel University London","General Admissions","admissions@brunel.ac.uk","385"
"Brunel University London","UG Admissions","ug.admissions@brunel.ac.uk","385"
"Brunel University London","PGT Admissions","pg.admissions@brunel.ac.uk","385"
"Brunel University London","PGR Admissions","phd.admissions@brunel.ac.uk","385"
"Brunel University London","CS Department","cs.admissions@brunel.ac.uk","385"
"Brunel University London","Engineering","eng.admissions@brunel.ac.uk","385"
"Brunel University London","International Admissions","international@brunel.ac.uk","385"
"Brunel University London","Student Finance","fees@brunel.ac.uk","385"
"Brunel University London","AI/Cyber Security MSc","pg.admissions@brunel.ac.uk","385"
"Birkbeck Univ of London","General Admissions","admissions@bbk.ac.uk","388"
"Birkbeck Univ of London","UG Admissions","ug.admissions@bbk.ac.uk","388"
"Birkbeck Univ of London","PGT Admissions","pg.admissions@bbk.ac.uk","388"
"Birkbeck Univ of London","PGR Admissions","phd.admissions@bbk.ac.uk","388"
"Birkbeck Univ of London","CS/Computing","computing@bbk.ac.uk","388"
"Birkbeck Univ of London","International Admissions","international@bbk.ac.uk","388"
"Birkbeck Univ of London","Student Finance","fees@bbk.ac.uk","388"
"Birkbeck Univ of London","Data Science/AI MSc","pg.admissions@bbk.ac.uk","388"
"Birkbeck Univ of London","Accommodation","accommodation@bbk.ac.uk","388"
"Aston University","General Admissions","admissions@aston.ac.uk","395"
"Aston University","UG Admissions","ug.admissions@aston.ac.uk","395"
"Aston University","PGT Admissions","pg.admissions@aston.ac.uk","395"
"Aston University","PGR Admissions","phd.admissions@aston.ac.uk","395"
"Aston University","CS/Mathematics","cs.admissions@aston.ac.uk","395"
"Aston University","Engineering","eng.admissions@aston.ac.uk","395"
"Aston University","International Admissions","international@aston.ac.uk","395"
"Aston University","Student Finance","fees@aston.ac.uk","395"
"Aston University","AI/Data Science MSc","pg.admissions@aston.ac.uk","395"
"Aston University","Accommodation","accommodation@aston.ac.uk","395"
"Univ of Huddersfield","General Admissions","admissions@hud.ac.uk","524"
"Univ of Huddersfield","UG Admissions","ug.admissions@hud.ac.uk","524"
"Univ of Huddersfield","PGT Admissions","pg.admissions@hud.ac.uk","524"
"Univ of Huddersfield","PGR Admissions","phd.admissions@hud.ac.uk","524"
"Univ of Huddersfield","CS/Computing","computing@hud.ac.uk","524"
"Univ of Huddersfield","Engineering","eng.admissions@hud.ac.uk","524"
"Univ of Huddersfield","International Admissions","international@hud.ac.uk","524"
"Univ of Huddersfield","Student Finance","fees@hud.ac.uk","524"
"Univ of Huddersfield","AI/Cyber Security MSc","pg.admissions@hud.ac.uk","524"
"University of Dundee","General Admissions","admissions@dundee.ac.uk","541"
"University of Dundee","UG Admissions","ug.admissions@dundee.ac.uk","541"
"University of Dundee","PGT Admissions","pg.admissions@dundee.ac.uk","541"
"University of Dundee","PGR Admissions","phd.admissions@dundee.ac.uk","541"
"University of Dundee","CS/Computing","computing@dundee.ac.uk","541"
"University of Dundee","Engineering","eng.admissions@dundee.ac.uk","541"
"University of Dundee","International Admissions","international@dundee.ac.uk","541"
"University of Dundee","Student Finance","fees@dundee.ac.uk","541"
"University of Dundee","Accommodation","accommodation@dundee.ac.uk","541"
"Northumbria University","General Admissions","admissions@northumbria.ac.uk","550"
"Northumbria University","UG Admissions","ug.admissions@northumbria.ac.uk","550"
"Northumbria University","PGT Admissions","pg.admissions@northumbria.ac.uk","550"
"Northumbria University","PGR Admissions","phd.admissions@northumbria.ac.uk","550"
"Northumbria University","CS/Computing","computing@northumbria.ac.uk","550"
"Northumbria University","Engineering","eng.admissions@northumbria.ac.uk","550"
"Northumbria University","International Admissions","international@northumbria.ac.uk","550"
"Northumbria University","Student Finance","fees@northumbria.ac.uk","550"
"Northumbria University","AI/Cyber Security MSc","pg.admissions@northumbria.ac.uk","550"
"Coventry University","General Admissions","admissions.coventry@coventry.ac.uk","558"
"Coventry University","UG Admissions","ug.admissions@coventry.ac.uk","558"
"Coventry University","PGT Admissions","pg.admissions@coventry.ac.uk","558"
"Coventry University","PGR Admissions","phd.admissions@coventry.ac.uk","558"
"Coventry University","CS/Computing","computing@coventry.ac.uk","558"
"Coventry University","Engineering","eng.admissions@coventry.ac.uk","558"
"Coventry University","International Admissions","international@coventry.ac.uk","558"
"Coventry University","Student Finance","fees@coventry.ac.uk","558"
"Coventry University","Cyber/Data Science MSc","pg.admissions@coventry.ac.uk","558"
"Bangor University","General Admissions","admissions@bangor.ac.uk","566"
"Bangor University","UG Admissions","ug.admissions@bangor.ac.uk","566"
"Bangor University","PGT Admissions","pg.admissions@bangor.ac.uk","566"
"Bangor University","PGR Admissions","phd.admissions@bangor.ac.uk","566"
"Bangor University","CS/Engineering","computing@bangor.ac.uk","566"
"Bangor University","International Admissions","international@bangor.ac.uk","566"
"Bangor University","Student Finance","fees@bangor.ac.uk","566"
"Bangor University","Accommodation","accommodation@bangor.ac.uk","566"
"Bangor University","AI/Data Science MSc","pg.admissions@bangor.ac.uk","566"
"University of Portsmouth","General Admissions","admissions@port.ac.uk","601-650"
"University of Portsmouth","UG Admissions","ug.admissions@port.ac.uk","601-650"
"University of Portsmouth","PGT Admissions","pg.admissions@port.ac.uk","601-650"
"University of Portsmouth","PGR Admissions","phd.admissions@port.ac.uk","601-650"
"University of Portsmouth","CS/Computing","computing@port.ac.uk","601-650"
"University of Portsmouth","Engineering","eng.admissions@port.ac.uk","601-650"
"University of Portsmouth","International Admissions","international@port.ac.uk","601-650"
"University of Portsmouth","Student Finance","fees@port.ac.uk","601-650"
"University of Portsmouth","AI/ML/Cyber Sec MSc","pg.admissions@port.ac.uk","601-650"
"University of Hull","General Admissions","admissions@hull.ac.uk","601-650"
"University of Hull","UG Admissions","ug.admissions@hull.ac.uk","601-650"
"University of Hull","PGT Admissions","pg.admissions@hull.ac.uk","601-650"
"University of Hull","PGR Admissions","phd.admissions@hull.ac.uk","601-650"
"University of Hull","CS/Computing","computing@hull.ac.uk","601-650"
"University of Hull","Engineering","eng.admissions@hull.ac.uk","601-650"
"University of Hull","International Admissions","international@hull.ac.uk","601-650"
"University of Hull","Student Finance","fees@hull.ac.uk","601-650"
"University of Hull","AI/Data Science MSc","pg.admissions@hull.ac.uk","601-650"
"University of Hull","Accommodation","accommodation@hull.ac.uk","601-650"
"University of Essex","General Admissions","admissions@essex.ac.uk","601-650"
"University of Essex","UG Admissions","ug.admissions@essex.ac.uk","601-650"
"University of Essex","PGT Admissions","pg.admissions@essex.ac.uk","601-650"
"University of Essex","PGR Admissions","phd.admissions@essex.ac.uk","601-650"
"University of Essex","CS/Computing","computing@essex.ac.uk","601-650"
"University of Essex","Engineering","eng.admissions@essex.ac.uk","601-650"
"University of Essex","International Admissions","international@essex.ac.uk","601-650"
"University of Essex","Student Finance","fees@essex.ac.uk","601-650"
"University of Essex","AI/Cyber Security MSc","pg.admissions@essex.ac.uk","601-650"
"University of Kent","General Admissions","admissions@kent.ac.uk","601-650"
"University of Kent","UG Admissions","ug.admissions@kent.ac.uk","601-650"
"University of Kent","PGT Admissions","pg.admissions@kent.ac.uk","601-650"
"University of Kent","PGR Admissions","phd.admissions@kent.ac.uk","601-650"
"University of Kent","CS/Computing","computing@kent.ac.uk","601-650"
"University of Kent","Engineering","eng.admissions@kent.ac.uk","601-650"
"University of Kent","International Admissions","international@kent.ac.uk","601-650"
"University of Kent","Student Finance","fees@kent.ac.uk","601-650"
"University of Kent","Cyber/Data Science MSc","pg.admissions@kent.ac.uk","601-650"
"Kingston University","General Admissions","admissions@kingston.ac.uk","660"
"Kingston University","UG Admissions","ug.admissions@kingston.ac.uk","660"
"Kingston University","PGT Admissions","pg.admissions@kingston.ac.uk","660"
"Kingston University","PGR Admissions","phd.admissions@kingston.ac.uk","660"
"Kingston University","CS/Computing","computing@kingston.ac.uk","660"
"Kingston University","Engineering","eng.admissions@kingston.ac.uk","660"
"Kingston University","International Admissions","international@kingston.ac.uk","660"
"Kingston University","Student Finance","fees@kingston.ac.uk","660"
"Kingston University","AI/Cyber Security MSc","pg.admissions@kingston.ac.uk","660"
"Bournemouth University","General Admissions","admissions@bournemouth.ac.uk","661-670"
"Bournemouth University","UG Admissions","ug.admissions@bournemouth.ac.uk","661-670"
"Bournemouth University","PGT Admissions","pg.admissions@bournemouth.ac.uk","661-670"
"Bournemouth University","PGR Admissions","phd.admissions@bournemouth.ac.uk","661-670"
"Bournemouth University","CS/Computing","computing@bournemouth.ac.uk","661-670"
"Bournemouth University","Engineering","eng.admissions@bournemouth.ac.uk","661-670"
"Bournemouth University","International Admissions","international@bournemouth.ac.uk","661-670"
"Bournemouth University","Student Finance","fees@bournemouth.ac.uk","661-670"
"Bournemouth University","AI/Data Science MSc","pg.admissions@bournemouth.ac.uk","661-670"
"University of Stirling","General Admissions","admissions@stir.ac.uk","671-680"
"University of Stirling","UG Admissions","ug.admissions@stir.ac.uk","671-680"
"University of Stirling","PGT Admissions","pg.admissions@stir.ac.uk","671-680"
"University of Stirling","PGR Admissions","phd.admissions@stir.ac.uk","671-680"
"University of Stirling","CS/Computing","computing@stir.ac.uk","671-680"
"University of Stirling","International Admissions","international@stir.ac.uk","671-680"
"University of Stirling","Student Finance","fees@stir.ac.uk","671-680"
"University of Stirling","AI/Data Science MSc","pg.admissions@stir.ac.uk","671-680"
"University of Stirling","Accommodation","accommodation@stir.ac.uk","671-680"
"University of Bradford","General Admissions","admissions@bradford.ac.uk","691-700"
"University of Bradford","UG Admissions","ug.admissions@bradford.ac.uk","691-700"
"University of Bradford","PGT Admissions","pg.admissions@bradford.ac.uk","691-700"
"University of Bradford","PGR Admissions","phd.admissions@bradford.ac.uk","691-700"
"University of Bradford","CS/Computing","computing@bradford.ac.uk","691-700"
"University of Bradford","Engineering","eng.admissions@bradford.ac.uk","691-700"
"University of Bradford","International Admissions","international@bradford.ac.uk","691-700"
"University of Bradford","Student Finance","fees@bradford.ac.uk","691-700"
"University of Bradford","AI/ML/Cyber MSc","pg.admissions@bradford.ac.uk","691-700"
"Aberystwyth University","General Admissions","admissions@aber.ac.uk","701-710"
"Aberystwyth University","UG Admissions","ug.admissions@aber.ac.uk","701-710"
"Aberystwyth University","PGT Admissions","pg.admissions@aber.ac.uk","701-710"
"Aberystwyth University","PGR Admissions","phd.admissions@aber.ac.uk","701-710"
"Aberystwyth University","CS Department","cs.admissions@aber.ac.uk","701-710"
"Aberystwyth University","International Admissions","international@aber.ac.uk","701-710"
"Aberystwyth University","Student Finance","fees@aber.ac.uk","701-710"
"Aberystwyth University","Accommodation","accommodation@aber.ac.uk","701-710"
"Aberystwyth University","Data Science/CS MSc","pg.admissions@aber.ac.uk","701-710"
"Goldsmiths Univ of London","General Admissions","admissions@gold.ac.uk","711-720"
"Goldsmiths Univ of London","UG Admissions","ug.admissions@gold.ac.uk","711-720"
"Goldsmiths Univ of London","PGT Admissions","pg.admissions@gold.ac.uk","711-720"
"Goldsmiths Univ of London","PGR Admissions","phd.admissions@gold.ac.uk","711-720"
"Goldsmiths Univ of London","Computing","computing@gold.ac.uk","711-720"
"Goldsmiths Univ of London","International Admissions","international@gold.ac.uk","711-720"
"Goldsmiths Univ of London","Student Finance","fees@gold.ac.uk","711-720"
"Goldsmiths Univ of London","AI/ML/Data Science MSc","pg.admissions@gold.ac.uk","711-720"
"Goldsmiths Univ of London","Accommodation","accommodation@gold.ac.uk","711-720"
"Queens University Belfast","General Admissions","admissions@qub.ac.uk","741-750"
"Queens University Belfast","UG Admissions","ug.admissions@qub.ac.uk","741-750"
"Queens University Belfast","PGT Admissions","pg.admissions@qub.ac.uk","741-750"
"Queens University Belfast","PGR Admissions","phd.admissions@qub.ac.uk","741-750"
"Queens University Belfast","CS/EEECS","eeecs@qub.ac.uk","741-750"
"Queens University Belfast","Engineering","eng.admissions@qub.ac.uk","741-750"
"Queens University Belfast","International Admissions","international@qub.ac.uk","741-750"
"Queens University Belfast","Student Finance","fees@qub.ac.uk","741-750"
"Queens University Belfast","AI/Cyber Security MSc","pg.admissions@qub.ac.uk","741-750"
"Univ of Hertfordshire","General Admissions","admissions@herts.ac.uk","751-760"
"Univ of Hertfordshire","UG Admissions","ug.admissions@herts.ac.uk","751-760"
"Univ of Hertfordshire","PGT Admissions","pg.admissions@herts.ac.uk","751-760"
"Univ of Hertfordshire","PGR Admissions","phd.admissions@herts.ac.uk","751-760"
"Univ of Hertfordshire","CS/Computing","computing@herts.ac.uk","751-760"
"Univ of Hertfordshire","Engineering","eng.admissions@herts.ac.uk","751-760"
"Univ of Hertfordshire","International Admissions","international@herts.ac.uk","751-760"
"Univ of Hertfordshire","Student Finance","fees@herts.ac.uk","751-760"
"Univ of Hertfordshire","AI/Cyber Security MSc","pg.admissions@herts.ac.uk","751-760"
"UWE Bristol","General Admissions","admissions@uwe.ac.uk","771-780"
"UWE Bristol","UG Admissions","ug.admissions@uwe.ac.uk","771-780"
"UWE Bristol","PGT Admissions","pg.admissions@uwe.ac.uk","771-780"
"UWE Bristol","PGR Admissions","phd.admissions@uwe.ac.uk","771-780"
"UWE Bristol","CS/Computing","computing@uwe.ac.uk","771-780"
"UWE Bristol","Engineering","eng.admissions@uwe.ac.uk","771-780"
"UWE Bristol","International Admissions","international@uwe.ac.uk","771-780"
"UWE Bristol","Student Finance","fees@uwe.ac.uk","771-780"
"UWE Bristol","AI/Cyber Security MSc","pg.admissions@uwe.ac.uk","771-780"
"Ulster University","General Admissions","admissions@ulster.ac.uk","781-790"
"Ulster University","UG Admissions","ug.admissions@ulster.ac.uk","781-790"
"Ulster University","PGT Admissions","pg.admissions@ulster.ac.uk","781-790"
"Ulster University","PGR Admissions","phd.admissions@ulster.ac.uk","781-790"
"Ulster University","CS/Computing","computing@ulster.ac.uk","781-790"
"Ulster University","Engineering","eng.admissions@ulster.ac.uk","781-790"
"Ulster University","International Admissions","international@ulster.ac.uk","781-790"
"Ulster University","Student Finance","fees@ulster.ac.uk","781-790"
"Ulster University","AI/Cyber Security MSc","pg.admissions@ulster.ac.uk","781-790"
"Univ of Brighton","General Admissions","admissions@brighton.ac.uk","791-800"
"Univ of Brighton","UG Admissions","ug.admissions@brighton.ac.uk","791-800"
"Univ of Brighton","PGT Admissions","pg.admissions@brighton.ac.uk","791-800"
"Univ of Brighton","PGR Admissions","phd.admissions@brighton.ac.uk","791-800"
"Univ of Brighton","CS/Computing","computing@brighton.ac.uk","791-800"
"Univ of Brighton","Engineering","eng.admissions@brighton.ac.uk","791-800"
"Univ of Brighton","International Admissions","international@brighton.ac.uk","791-800"
"Univ of Brighton","Student Finance","fees@brighton.ac.uk","791-800"
"Univ of Brighton","AI/ML/Robotics MSc","pg.admissions@brighton.ac.uk","791-800"
"De Montfort University","General Admissions","admissions@dmu.ac.uk","801-850"
"De Montfort University","UG Admissions","ug.admissions@dmu.ac.uk","801-850"
"De Montfort University","PGT Admissions","pg.admissions@dmu.ac.uk","801-850"
"De Montfort University","PGR Admissions","phd.admissions@dmu.ac.uk","801-850"
"De Montfort University","CS/Computing","computing@dmu.ac.uk","801-850"
"De Montfort University","Engineering","eng.admissions@dmu.ac.uk","801-850"
"De Montfort University","International Admissions","international@dmu.ac.uk","801-850"
"De Montfort University","Student Finance","fees@dmu.ac.uk","801-850"
"De Montfort University","AI/Cyber Security MSc","pg.admissions@dmu.ac.uk","801-850"
"Keele University","General Admissions","admissions@keele.ac.uk","801-850"
"Keele University","UG Admissions","ug.admissions@keele.ac.uk","801-850"
"Keele University","PGT Admissions","pg.admissions@keele.ac.uk","801-850"
"Keele University","PGR Admissions","phd.admissions@keele.ac.uk","801-850"
"Keele University","CS/Computing","computing@keele.ac.uk","801-850"
"Keele University","Engineering","eng.admissions@keele.ac.uk","801-850"
"Keele University","International Admissions","international@keele.ac.uk","801-850"
"Keele University","Student Finance","fees@keele.ac.uk","801-850"
"Keele University","AI/Cyber Security MSc","pg.admissions@keele.ac.uk","801-850"
"Univ of Lincoln","General Admissions","admissions@lincoln.ac.uk","801-850"
"Univ of Lincoln","UG Admissions","ug.admissions@lincoln.ac.uk","801-850"
"Univ of Lincoln","PGT Admissions","pg.admissions@lincoln.ac.uk","801-850"
"Univ of Lincoln","PGR Admissions","phd.admissions@lincoln.ac.uk","801-850"
"Univ of Lincoln","CS/Computing","computing@lincoln.ac.uk","801-850"
"Univ of Lincoln","Engineering","eng.admissions@lincoln.ac.uk","801-850"
"Univ of Lincoln","International Admissions","international@lincoln.ac.uk","801-850"
"Univ of Lincoln","Student Finance","fees@lincoln.ac.uk","801-850"
"Univ of Lincoln","AI MSc","pg.admissions@lincoln.ac.uk","801-850"
"Univ of Lincoln","Accommodation","accommodation@lincoln.ac.uk","801-850"
"Univ of East London","General Admissions","admissions@uel.ac.uk","801-850"
"Univ of East London","UG Admissions","ug.admissions@uel.ac.uk","801-850"
"Univ of East London","PGT Admissions","pg.admissions@uel.ac.uk","801-850"
"Univ of East London","PGR Admissions","phd.admissions@uel.ac.uk","801-850"
"Univ of East London","CS/Computing","computing@uel.ac.uk","801-850"
"Univ of East London","Engineering","eng.admissions@uel.ac.uk","801-850"
"Univ of East London","International Admissions","international@uel.ac.uk","801-850"
"Univ of East London","Student Finance","fees@uel.ac.uk","801-850"
"Univ of East London","CS/Cyber Security MSc","pg.admissions@uel.ac.uk","801-850"
"Univ of Wolverhampton","General Admissions","admissions@wlv.ac.uk","801-850"
"Univ of Wolverhampton","UG Admissions","ug.admissions@wlv.ac.uk","801-850"
"Univ of Wolverhampton","PGT Admissions","pg.admissions@wlv.ac.uk","801-850"
"Univ of Wolverhampton","PGR Admissions","phd.admissions@wlv.ac.uk","801-850"
"Univ of Wolverhampton","CS/Computing","computing@wlv.ac.uk","801-850"
"Univ of Wolverhampton","Engineering","eng.admissions@wlv.ac.uk","801-850"
"Univ of Wolverhampton","International Admissions","international@wlv.ac.uk","801-850"
"Univ of Wolverhampton","Student Finance","fees@wlv.ac.uk","801-850"
"Univ of Wolverhampton","AI/Cyber Security MSc","pg.admissions@wlv.ac.uk","801-850"
"Edinburgh Napier University","General Admissions","admissions@napier.ac.uk","851-900"
"Edinburgh Napier University","UG Admissions","ug.admissions@napier.ac.uk","851-900"
"Edinburgh Napier University","PGT Admissions","pg.admissions@napier.ac.uk","851-900"
"Edinburgh Napier University","PGR Admissions","phd.admissions@napier.ac.uk","851-900"
"Edinburgh Napier University","CS/Computing","computing@napier.ac.uk","851-900"
"Edinburgh Napier University","Engineering","eng.admissions@napier.ac.uk","851-900"
"Edinburgh Napier University","International Admissions","international@napier.ac.uk","851-900"
"Edinburgh Napier University","Student Finance","fees@napier.ac.uk","851-900"
"Edinburgh Napier University","AI/Cyber Security MSc","pg.admissions@napier.ac.uk","851-900"
"Univ of Greenwich","General Admissions","admissions@gre.ac.uk","851-900"
"Univ of Greenwich","UG Admissions","ug.admissions@gre.ac.uk","851-900"
"Univ of Greenwich","PGT Admissions","pg.admissions@gre.ac.uk","851-900"
"Univ of Greenwich","PGR Admissions","phd.admissions@gre.ac.uk","851-900"
"Univ of Greenwich","CS/Computing","computing@gre.ac.uk","851-900"
"Univ of Greenwich","Engineering","eng.admissions@gre.ac.uk","851-900"
"Univ of Greenwich","International Admissions","international@gre.ac.uk","851-900"
"Univ of Greenwich","Student Finance","fees@gre.ac.uk","851-900"
"Univ of Greenwich","Cyber/Data Science MSc","pg.admissions@gre.ac.uk","851-900"
"Liverpool John Moores","General Admissions","admissions@ljmu.ac.uk","851-900"
"Liverpool John Moores","UG Admissions","ug.admissions@ljmu.ac.uk","851-900"
"Liverpool John Moores","PGT Admissions","pg.admissions@ljmu.ac.uk","851-900"
"Liverpool John Moores","PGR Admissions","phd.admissions@ljmu.ac.uk","851-900"
"Liverpool John Moores","CS/Mathematics","cs.admissions@ljmu.ac.uk","851-900"
"Liverpool John Moores","Engineering","eng.admissions@ljmu.ac.uk","851-900"
"Liverpool John Moores","International Admissions","international@ljmu.ac.uk","851-900"
"Liverpool John Moores","Student Finance","fees@ljmu.ac.uk","851-900"
"Liverpool John Moores","AI/ML/Cyber Sec MSc","pg.admissions@ljmu.ac.uk","851-900"
"Sheffield Hallam University","General Admissions","admissions@shu.ac.uk","851-900"
"Sheffield Hallam University","UG Admissions","ug.admissions@shu.ac.uk","851-900"
"Sheffield Hallam University","PGT Admissions","pg.admissions@shu.ac.uk","851-900"
"Sheffield Hallam University","PGR Admissions","phd.admissions@shu.ac.uk","851-900"
"Sheffield Hallam University","CS/Computing","computing@shu.ac.uk","851-900"
"Sheffield Hallam University","Engineering","eng.admissions@shu.ac.uk","851-900"
"Sheffield Hallam University","International Admissions","international@shu.ac.uk","851-900"
"Sheffield Hallam University","Student Finance","fees@shu.ac.uk","851-900"
"Sheffield Hallam University","AI/Cyber Security MSc","pg.admissions@shu.ac.uk","851-900"
"University of Plymouth","General Admissions","admissions@plymouth.ac.uk","901-950"
"University of Plymouth","UG Admissions","ug.admissions@plymouth.ac.uk","901-950"
"University of Plymouth","PGT Admissions","pg.admissions@plymouth.ac.uk","901-950"
"University of Plymouth","PGR Admissions","phd.admissions@plymouth.ac.uk","901-950"
"University of Plymouth","CS/Computing","computing@plymouth.ac.uk","901-950"
"University of Plymouth","Engineering","eng.admissions@plymouth.ac.uk","901-950"
"University of Plymouth","International Admissions","international@plymouth.ac.uk","901-950"
"University of Plymouth","Student Finance","fees@plymouth.ac.uk","901-950"
"University of Plymouth","AI/Cyber Security MSc","pg.admissions@plymouth.ac.uk","901-950"
"Middlesex University","General Admissions","admissions@mdx.ac.uk","901-950"
"Middlesex University","UG Admissions","ug.admissions@mdx.ac.uk","901-950"
"Middlesex University","PGT Admissions","pg.admissions@mdx.ac.uk","901-950"
"Middlesex University","PGR Admissions","phd.admissions@mdx.ac.uk","901-950"
"Middlesex University","CS/Computing","computing@mdx.ac.uk","901-950"
"Middlesex University","Engineering","eng.admissions@mdx.ac.uk","901-950"
"Middlesex University","International Admissions","international@mdx.ac.uk","901-950"
"Middlesex University","Student Finance","fees@mdx.ac.uk","901-950"
"Middlesex University","AI/Cyber Security MSc","pg.admissions@mdx.ac.uk","901-950"
"Univ of South Wales","General Admissions","admissions@southwales.ac.uk","901-950"
"Univ of South Wales","UG Admissions","ug.admissions@southwales.ac.uk","901-950"
"Univ of South Wales","PGT Admissions","pg.admissions@southwales.ac.uk","901-950"
"Univ of South Wales","PGR Admissions","phd.admissions@southwales.ac.uk","901-950"
"Univ of South Wales","CS/Computing","computing@southwales.ac.uk","901-950"
"Univ of South Wales","Engineering","eng.admissions@southwales.ac.uk","901-950"
"Univ of South Wales","International Admissions","international@southwales.ac.uk","901-950"
"Univ of South Wales","Student Finance","fees@southwales.ac.uk","901-950"
"Univ of South Wales","Cyber/Data Science MSc","pg.admissions@southwales.ac.uk","901-950"
"Nottingham Trent University","General Admissions","admissions@ntu.ac.uk","951-1000"
"Nottingham Trent University","UG Admissions","ug.admissions@ntu.ac.uk","951-1000"
"Nottingham Trent University","PGT Admissions","pg.admissions@ntu.ac.uk","951-1000"
"Nottingham Trent University","PGR Admissions","phd.admissions@ntu.ac.uk","951-1000"
"Nottingham Trent University","CS/Computing","computing@ntu.ac.uk","951-1000"
"Nottingham Trent University","Engineering","eng.admissions@ntu.ac.uk","951-1000"
"Nottingham Trent University","International Admissions","international@ntu.ac.uk","951-1000"
"Nottingham Trent University","Student Finance","fees@ntu.ac.uk","951-1000"
"Nottingham Trent University","AI/Cyber Security MSc","pg.admissions@ntu.ac.uk","951-1000"
"Manchester Metropolitan U","General Admissions","admissions@mmu.ac.uk","951-1000"
"Manchester Metropolitan U","UG Admissions","ug.admissions@mmu.ac.uk","951-1000"
"Manchester Metropolitan U","PGT Admissions","pg.admissions@mmu.ac.uk","951-1000"
"Manchester Metropolitan U","PGR Admissions","phd.admissions@mmu.ac.uk","951-1000"
"Manchester Metropolitan U","CS/Computing","computing@mmu.ac.uk","951-1000"
"Manchester Metropolitan U","Engineering","eng.admissions@mmu.ac.uk","951-1000"
"Manchester Metropolitan U","International Admissions","international@mmu.ac.uk","951-1000"
"Manchester Metropolitan U","Student Finance","fees@mmu.ac.uk","951-1000"
"Manchester Metropolitan U","AI/Data Science MSc","pg.admissions@mmu.ac.uk","951-1000"
"London South Bank Univ","General Admissions","admissions@lsbu.ac.uk","951-1000"
"London South Bank Univ","UG Admissions","ug.admissions@lsbu.ac.uk","951-1000"
"London South Bank Univ","PGT Admissions","pg.admissions@lsbu.ac.uk","951-1000"
"London South Bank Univ","PGR Admissions","phd.admissions@lsbu.ac.uk","951-1000"
"London South Bank Univ","CS/Computing","computing@lsbu.ac.uk","951-1000"
"London South Bank Univ","Engineering","eng.admissions@lsbu.ac.uk","951-1000"
"London South Bank Univ","International Admissions","international@lsbu.ac.uk","951-1000"
"London South Bank Univ","Student Finance","fees@lsbu.ac.uk","951-1000"
"London South Bank Univ","AI/Cyber Security MSc","pg.admissions@lsbu.ac.uk","951-1000"
"Birmingham City University","General Admissions","admissions@bcu.ac.uk","1001-1200"
"Birmingham City University","UG Admissions","ug.admissions@bcu.ac.uk","1001-1200"
"Birmingham City University","PGT Admissions","pg.admissions@bcu.ac.uk","1001-1200"
"Birmingham City University","PGR Admissions","phd.admissions@bcu.ac.uk","1001-1200"
"Birmingham City University","CS/Computing","computing@bcu.ac.uk","1001-1200"
"Birmingham City University","Engineering","eng.admissions@bcu.ac.uk","1001-1200"
"Birmingham City University","International Admissions","international@bcu.ac.uk","1001-1200"
"Birmingham City University","Student Finance","fees@bcu.ac.uk","1001-1200"
"Birmingham City University","AI/Cyber Security MSc","pg.admissions@bcu.ac.uk","1001-1200"
"Canterbury Christ Church","General Admissions","admissions@canterbury.ac.uk","1001-1200"
"Canterbury Christ Church","UG Admissions","ug.admissions@canterbury.ac.uk","1001-1200"
"Canterbury Christ Church","PGT Admissions","pg.admissions@canterbury.ac.uk","1001-1200"
"Canterbury Christ Church","PGR Admissions","phd.admissions@canterbury.ac.uk","1001-1200"
"Canterbury Christ Church","CS/Computing","computing@canterbury.ac.uk","1001-1200"
"Canterbury Christ Church","International Admissions","international@canterbury.ac.uk","1001-1200"
"Canterbury Christ Church","Student Finance","fees@canterbury.ac.uk","1001-1200"
"Canterbury Christ Church","Cyber Security MSc","pg.admissions@canterbury.ac.uk","1001-1200"
"Canterbury Christ Church","Accommodation","accommodation@canterbury.ac.uk","1001-1200"
"Univ of Central Lancashire","General Admissions","admissions@uclan.ac.uk","1001-1200"
"Univ of Central Lancashire","UG Admissions","ug.admissions@uclan.ac.uk","1001-1200"
"Univ of Central Lancashire","PGT Admissions","pg.admissions@uclan.ac.uk","1001-1200"
"Univ of Central Lancashire","PGR Admissions","phd.admissions@uclan.ac.uk","1001-1200"
"Univ of Central Lancashire","CS/Computing","computing@uclan.ac.uk","1001-1200"
"Univ of Central Lancashire","Engineering","eng.admissions@uclan.ac.uk","1001-1200"
"Univ of Central Lancashire","International Admissions","international@uclan.ac.uk","1001-1200"
"Univ of Central Lancashire","Student Finance","fees@uclan.ac.uk","1001-1200"
"Univ of Central Lancashire","AI/Cyber Security MSc","pg.admissions@uclan.ac.uk","1001-1200"
"Univ of Westminster","General Admissions","admissions@westminster.ac.uk","1001-1200"
"Univ of Westminster","UG Admissions","ug.admissions@westminster.ac.uk","1001-1200"
"Univ of Westminster","PGT Admissions","pg.admissions@westminster.ac.uk","1001-1200"
"Univ of Westminster","PGR Admissions","phd.admissions@westminster.ac.uk","1001-1200"
"Univ of Westminster","CS/Computing","computing@westminster.ac.uk","1001-1200"
"Univ of Westminster","Engineering","eng.admissions@westminster.ac.uk","1001-1200"
"Univ of Westminster","International Admissions","international@westminster.ac.uk","1001-1200"
"Univ of Westminster","Student Finance","fees@westminster.ac.uk","1001-1200"
"Univ of Westminster","Applied AI/Cyber MSc","pg.admissions@westminster.ac.uk","1001-1200"
"University of Derby","General Admissions","askadmissions@derby.ac.uk","1001-1200"
"University of Derby","UG Admissions","ug.admissions@derby.ac.uk","1001-1200"
"University of Derby","PGT Admissions","pg.admissions@derby.ac.uk","1001-1200"
"University of Derby","PGR Admissions","phd.admissions@derby.ac.uk","1001-1200"
"University of Derby","CS/Computing","computing@derby.ac.uk","1001-1200"
"University of Derby","Engineering","eng.admissions@derby.ac.uk","1001-1200"
"University of Derby","International Admissions","international@derby.ac.uk","1001-1200"
"University of Derby","Student Finance","fees@derby.ac.uk","1001-1200"
"University of Derby","AI/Cyber Security MSc","pg.admissions@derby.ac.uk","1001-1200"
"Univ of Bedfordshire","General Admissions","admissions@beds.ac.uk","1001-1200"
"Univ of Bedfordshire","UG Admissions","ug.admissions@beds.ac.uk","1001-1200"
"Univ of Bedfordshire","PGT Admissions","pg.admissions@beds.ac.uk","1001-1200"
"Univ of Bedfordshire","PGR Admissions","phd.admissions@beds.ac.uk","1001-1200"
"Univ of Bedfordshire","CS/Computing","computing@beds.ac.uk","1001-1200"
"Univ of Bedfordshire","Engineering","eng.admissions@beds.ac.uk","1001-1200"
"Univ of Bedfordshire","International Admissions","international@beds.ac.uk","1001-1200"
"Univ of Bedfordshire","Student Finance","fees@beds.ac.uk","1001-1200"
"Univ of Bedfordshire","Cyber/Data Science MSc","pg.admissions@beds.ac.uk","1001-1200"
"University of Chester","General Admissions","admissions@chester.ac.uk","1001-1200"
"University of Chester","UG Admissions","ug.admissions@chester.ac.uk","1001-1200"
"University of Chester","PGT Admissions","pg.admissions@chester.ac.uk","1001-1200"
"University of Chester","PGR Admissions","phd.admissions@chester.ac.uk","1001-1200"
"University of Chester","CS/Computing","computing@chester.ac.uk","1001-1200"
"University of Chester","Engineering","eng.admissions@chester.ac.uk","1001-1200"
"University of Chester","International Admissions","international@chester.ac.uk","1001-1200"
"University of Chester","Student Finance","fees@chester.ac.uk","1001-1200"
"University of Chester","AI/Cyber Security MSc","pg.admissions@chester.ac.uk","1001-1200"
"Glasgow Caledonian Univ","General Admissions","admissions@gcu.ac.uk","1001-1200"
"Glasgow Caledonian Univ","UG Admissions","ug.admissions@gcu.ac.uk","1001-1200"
"Glasgow Caledonian Univ","PGT Admissions","pg.admissions@gcu.ac.uk","1001-1200"
"Glasgow Caledonian Univ","PGR Admissions","phd.admissions@gcu.ac.uk","1001-1200"
"Glasgow Caledonian Univ","CS/Computing","computing@gcu.ac.uk","1001-1200"
"Glasgow Caledonian Univ","Engineering","eng.admissions@gcu.ac.uk","1001-1200"
"Glasgow Caledonian Univ","International Admissions","international@gcu.ac.uk","1001-1200"
"Glasgow Caledonian Univ","Student Finance","fees@gcu.ac.uk","1001-1200"
"Glasgow Caledonian Univ","AI/Cyber Security MSc","pg.admissions@gcu.ac.uk","1001-1200"
"Univ of West of Scotland","General Admissions","admissions@uws.ac.uk","1001-1200"
"Univ of West of Scotland","UG Admissions","ug.admissions@uws.ac.uk","1001-1200"
"Univ of West of Scotland","PGT Admissions","pg.admissions@uws.ac.uk","1001-1200"
"Univ of West of Scotland","PGR Admissions","phd.admissions@uws.ac.uk","1001-1200"
"Univ of West of Scotland","CS/Computing","computing@uws.ac.uk","1001-1200"
"Univ of West of Scotland","Engineering","eng.admissions@uws.ac.uk","1001-1200"
"Univ of West of Scotland","International Admissions","international@uws.ac.uk","1001-1200"
"Univ of West of Scotland","Student Finance","fees@uws.ac.uk","1001-1200"
"Univ of West of Scotland","AI/Cyber Security MSc","pg.admissions@uws.ac.uk","1001-1200"
"University of Salford","General Admissions","admissions@salford.ac.uk","1001-1200"
"University of Salford","UG Admissions","ug.admissions@salford.ac.uk","1001-1200"
"University of Salford","PGT Admissions","pg.admissions@salford.ac.uk","1001-1200"
"University of Salford","PGR Admissions","phd.admissions@salford.ac.uk","1001-1200"
"University of Salford","CS/Computing","computing@salford.ac.uk","1001-1200"
"University of Salford","Engineering","eng.admissions@salford.ac.uk","1001-1200"
"University of Salford","International Admissions","international@salford.ac.uk","1001-1200"
"University of Salford","Student Finance","fees@salford.ac.uk","1001-1200"
"University of Salford","AI/Cyber Security MSc","pg.admissions@salford.ac.uk","1001-1200"
"Teesside University","General Admissions","admissions@tees.ac.uk","1001-1200"
"Teesside University","UG Admissions","ug.admissions@tees.ac.uk","1001-1200"
"Teesside University","PGT Admissions","pg.admissions@tees.ac.uk","1001-1200"
"Teesside University","PGR Admissions","phd.admissions@tees.ac.uk","1001-1200"
"Teesside University","CS/Computing","computing@tees.ac.uk","1001-1200"
"Teesside University","Engineering","eng.admissions@tees.ac.uk","1001-1200"
"Teesside University","International Admissions","international@tees.ac.uk","1001-1200"
"Teesside University","Student Finance","fees@tees.ac.uk","1001-1200"
"Teesside University","AI/Cyber Security MSc","pg.admissions@tees.ac.uk","1001-1200"
"Univ of Sunderland","General Admissions","admissions@sunderland.ac.uk","1001-1200"
"Univ of Sunderland","UG Admissions","ug.admissions@sunderland.ac.uk","1001-1200"
"Univ of Sunderland","PGT Admissions","pg.admissions@sunderland.ac.uk","1001-1200"
"Univ of Sunderland","PGR Admissions","phd.admissions@sunderland.ac.uk","1001-1200"
"Univ of Sunderland","CS/Computing","computing@sunderland.ac.uk","1001-1200"
"Univ of Sunderland","Engineering","eng.admissions@sunderland.ac.uk","1001-1200"
"Univ of Sunderland","International Admissions","international@sunderland.ac.uk","1001-1200"
"Univ of Sunderland","Student Finance","fees@sunderland.ac.uk","1001-1200"
"Univ of Sunderland","Cyber/Data Science MSc","pg.admissions@sunderland.ac.uk","1001-1200"
"Anglia Ruskin University","General Admissions","admissions@aru.ac.uk","1001-1200"
"Anglia Ruskin University","UG Admissions","ug.admissions@aru.ac.uk","1001-1200"
"Anglia Ruskin University","PGT Admissions","pg.admissions@aru.ac.uk","1001-1200"
"Anglia Ruskin University","PGR Admissions","phd.admissions@aru.ac.uk","1001-1200"
"Anglia Ruskin University","CS/Computing","computing@aru.ac.uk","1001-1200"
"Anglia Ruskin University","Engineering","eng.admissions@aru.ac.uk","1001-1200"
"Anglia Ruskin University","International Admissions","international@aru.ac.uk","1001-1200"
"Anglia Ruskin University","Student Finance","fees@aru.ac.uk","1001-1200"
"Anglia Ruskin University","AI/Data Science MSc","pg.admissions@aru.ac.uk","1001-1200"
"Univ of Gloucestershire","General Admissions","admissions@glos.ac.uk","1001-1200"
"Univ of Gloucestershire","UG Admissions","ug.admissions@glos.ac.uk","1001-1200"
"Univ of Gloucestershire","PGT Admissions","pg.admissions@glos.ac.uk","1001-1200"
"Univ of Gloucestershire","PGR Admissions","phd.admissions@glos.ac.uk","1001-1200"
"Univ of Gloucestershire","CS/Computing","computing@glos.ac.uk","1001-1200"
"Univ of Gloucestershire","International Admissions","international@glos.ac.uk","1001-1200"
"Univ of Gloucestershire","Student Finance","fees@glos.ac.uk","1001-1200"
"Univ of Gloucestershire","Cyber/Data Science MSc","pg.admissions@glos.ac.uk","1001-1200"
"Univ of Gloucestershire","Accommodation","accommodation@glos.ac.uk","1001-1200"
"Buckinghamshire New Univ","General Admissions","admissions@bucks.ac.uk","1001-1200"
"Buckinghamshire New Univ","UG Admissions","ug.admissions@bucks.ac.uk","1001-1200"
"Buckinghamshire New Univ","PGT Admissions","pg.admissions@bucks.ac.uk","1001-1200"
"Buckinghamshire New Univ","PGR Admissions","phd.admissions@bucks.ac.uk","1001-1200"
"Buckinghamshire New Univ","CS/Computing","computing@bucks.ac.uk","1001-1200"
"Buckinghamshire New Univ","International Admissions","international@bucks.ac.uk","1001-1200"
"Buckinghamshire New Univ","Student Finance","fees@bucks.ac.uk","1001-1200"
"Buckinghamshire New Univ","Cyber Security MSc","pg.admissions@bucks.ac.uk","1001-1200"
"Buckinghamshire New Univ","CS (Conversion) MSc","pg.admissions@bucks.ac.uk","1001-1200"
"Buckinghamshire New Univ","Accommodation","accommodation@bucks.ac.uk","1001-1200"
"Univ of Bolton","General Admissions","admissions@bolton.ac.uk","1201-1400"
"Univ of Bolton","UG Admissions","ug.admissions@bolton.ac.uk","1201-1400"
"Univ of Bolton","PGT Admissions","pg.admissions@bolton.ac.uk","1201-1400"
"Univ of Bolton","PGR Admissions","phd.admissions@bolton.ac.uk","1201-1400"
"Univ of Bolton","CS/Computing","computing@bolton.ac.uk","1201-1400"
"Univ of Bolton","Engineering","eng.admissions@bolton.ac.uk","1201-1400"
"Univ of Bolton","International Admissions","international@bolton.ac.uk","1201-1400"
"Univ of Bolton","Student Finance","fees@bolton.ac.uk","1201-1400"
"Univ of Bolton","AI MSc","pg.admissions@bolton.ac.uk","1201-1400"
"Univ of Bolton","Accommodation","accommodation@bolton.ac.uk","1201-1400"
"Edge Hill University","General Admissions","admissions@edgehill.ac.uk","1201-1400"
"Edge Hill University","UG Admissions","ug.admissions@edgehill.ac.uk","1201-1400"
"Edge Hill University","PGT Admissions","pg.admissions@edgehill.ac.uk","1201-1400"
"Edge Hill University","PGR Admissions","phd.admissions@edgehill.ac.uk","1201-1400"
"Edge Hill University","CS/Computing","computing@edgehill.ac.uk","1201-1400"
"Edge Hill University","International Admissions","international@edgehill.ac.uk","1201-1400"
"Edge Hill University","Student Finance","fees@edgehill.ac.uk","1201-1400"
"Edge Hill University","Data Science/Comp MSc","pg.admissions@edgehill.ac.uk","1201-1400"
"Edge Hill University","Accommodation","accommodation@edgehill.ac.uk","1201-1400"
"Univ of Northampton","General Admissions","admissions@northampton.ac.uk","1201-1400"
"Univ of Northampton","UG Admissions","ug.admissions@northampton.ac.uk","1201-1400"
"Univ of Northampton","PGT Admissions","pg.admissions@northampton.ac.uk","1201-1400"
"Univ of Northampton","PGR Admissions","phd.admissions@northampton.ac.uk","1201-1400"
"Univ of Northampton","CS/Computing","computing@northampton.ac.uk","1201-1400"
"Univ of Northampton","International Admissions","intadmissions@northampton.ac.uk","1201-1400"
"Univ of Northampton","Student Finance","fees@northampton.ac.uk","1201-1400"
"Univ of Northampton","AI MSc","pg.admissions@northampton.ac.uk","1201-1400"
"Univ of Northampton","CAS Team","cas@northampton.ac.uk","1201-1400"
"Univ of Northampton","Accommodation","accommodation@northampton.ac.uk","1201-1400"
"Univ of Worcester","General Admissions","admissions@worc.ac.uk","1201-1400"
"Univ of Worcester","UG Admissions","ug.admissions@worc.ac.uk","1201-1400"
"Univ of Worcester","PGT Admissions","pg.admissions@worc.ac.uk","1201-1400"
"Univ of Worcester","PGR Admissions","phd.admissions@worc.ac.uk","1201-1400"
"Univ of Worcester","CS/Computing","computing@worc.ac.uk","1201-1400"
"Univ of Worcester","International Admissions","international@worc.ac.uk","1201-1400"
"Univ of Worcester","Student Finance","fees@worc.ac.uk","1201-1400"
"Univ of Worcester","Cyber Security/AI MSc","pg.admissions@worc.ac.uk","1201-1400"
"Univ of Worcester","Accommodation","accommodation@worc.ac.uk","1201-1400"
"Univ of Roehampton","General Admissions","admissions@roehampton.ac.uk","1201-1400"
"Univ of Roehampton","UG Admissions","ug.admissions@roehampton.ac.uk","1201-1400"
"Univ of Roehampton","PGT Admissions","pg.admissions@roehampton.ac.uk","1201-1400"
"Univ of Roehampton","PGR Admissions","phd.admissions@roehampton.ac.uk","1201-1400"
"Univ of Roehampton","CS/Computing","computing@roehampton.ac.uk","1201-1400"
"Univ of Roehampton","International Admissions","international@roehampton.ac.uk","1201-1400"
"Univ of Roehampton","Student Finance","fees@roehampton.ac.uk","1201-1400"
"Univ of Roehampton","AI/Data Science MSc","pg.admissions@roehampton.ac.uk","1201-1400"
"Univ of Roehampton","Accommodation","accommodation@roehampton.ac.uk","1201-1400"
"Southampton Solent Univ","General Admissions","admissions@solent.ac.uk","1201-1400"
"Southampton Solent Univ","UG Admissions","ug.admissions@solent.ac.uk","1201-1400"
"Southampton Solent Univ","PGT Admissions","pg.admissions@solent.ac.uk","1201-1400"
"Southampton Solent Univ","PGR Admissions","phd.admissions@solent.ac.uk","1201-1400"
"Southampton Solent Univ","CS/Computing","computing@solent.ac.uk","1201-1400"
"Southampton Solent Univ","International Admissions","international@solent.ac.uk","1201-1400"
"Southampton Solent Univ","Student Finance","fees@solent.ac.uk","1201-1400"
"Southampton Solent Univ","Cyber Security MSc","pg.admissions@solent.ac.uk","1201-1400"
"Southampton Solent Univ","CS (Conversion) MSc","pg.admissions@solent.ac.uk","1201-1400"
"Southampton Solent Univ","Accommodation","accommodation@solent.ac.uk","1201-1400"
"Univ of Cumbria","General Admissions","admissions@cumbria.ac.uk","1201-1400"
"Univ of Cumbria","UG Admissions","ug.admissions@cumbria.ac.uk","1201-1400"
"Univ of Cumbria","PGT Admissions","pg.admissions@cumbria.ac.uk","1201-1400"
"Univ of Cumbria","PGR Admissions","phd.admissions@cumbria.ac.uk","1201-1400"
"Univ of Cumbria","CS/Computing","computing@cumbria.ac.uk","1201-1400"
"Univ of Cumbria","International Admissions","international@cumbria.ac.uk","1201-1400"
"Univ of Cumbria","Student Finance","fees@cumbria.ac.uk","1201-1400"
"Univ of Cumbria","Cyber Security/CS MSc","pg.admissions@cumbria.ac.uk","1201-1400"
"Univ of Cumbria","Accommodation","accommodation@cumbria.ac.uk","1201-1400"
"Univ of Suffolk","General Admissions","admissions@uos.ac.uk","1201-1400"
"Univ of Suffolk","UG Admissions","ug.admissions@uos.ac.uk","1201-1400"
"Univ of Suffolk","PGT Admissions","pg.admissions@uos.ac.uk","1201-1400"
"Univ of Suffolk","PGR Admissions","phd.admissions@uos.ac.uk","1201-1400"
"Univ of Suffolk","CS/Computing","computing@uos.ac.uk","1201-1400"
"Univ of Suffolk","International Admissions","international@uos.ac.uk","1201-1400"
"Univ of Suffolk","Student Finance","fees@uos.ac.uk","1201-1400"
"Univ of Suffolk","AI/Cyber Security MSc","pg.admissions@uos.ac.uk","1201-1400"
"Univ of Suffolk","Accommodation","accommodation@uos.ac.uk","1201-1400"
"Bath Spa University","General Admissions","admissions@bathspa.ac.uk","1201-1400"
"Bath Spa University","UG Admissions","ug.admissions@bathspa.ac.uk","1201-1400"
"Bath Spa University","PGT Admissions","pg.admissions@bathspa.ac.uk","1201-1400"
"Bath Spa University","PGR Admissions","phd.admissions@bathspa.ac.uk","1201-1400"
"Bath Spa University","CS/Computing","computing@bathspa.ac.uk","1201-1400"
"Bath Spa University","International Admissions","international@bathspa.ac.uk","1201-1400"
"Bath Spa University","Student Finance","fees@bathspa.ac.uk","1201-1400"
"Bath Spa University","CS (AI)/Data Sci MSc","pg.admissions@bathspa.ac.uk","1201-1400"
"Bath Spa University","Accommodation","accommodation@bathspa.ac.uk","1201-1400"
"Univ for Creative Arts","General Admissions","admissions@uca.ac.uk","1201-1400"
"Univ for Creative Arts","UG Admissions","ug.admissions@uca.ac.uk","1201-1400"
"Univ for Creative Arts","PGT Admissions","pg.admissions@uca.ac.uk","1201-1400"
"Univ for Creative Arts","PGR Admissions","phd.admissions@uca.ac.uk","1201-1400"
"Univ for Creative Arts","International Admissions","international@uca.ac.uk","1201-1400"
"Univ for Creative Arts","Student Finance","fees@uca.ac.uk","1201-1400"
"Univ for Creative Arts","Creative Tech/Game MSc","pg.admissions@uca.ac.uk","1201-1400"
"Univ for Creative Arts","Accommodation","accommodation@uca.ac.uk","1201-1400"
"Univ for Creative Arts","CAS Queries","cas@uca.ac.uk","1201-1400"
"Leeds Beckett University","General Admissions","admissions@leedsbeckett.ac.uk","1401+"
"Leeds Beckett University","UG Admissions","ug.admissions@leedsbeckett.ac.uk","1401+"
"Leeds Beckett University","PGT Admissions","pg.admissions@leedsbeckett.ac.uk","1401+"
"Leeds Beckett University","PGR Admissions","phd.admissions@leedsbeckett.ac.uk","1401+"
"Leeds Beckett University","CS/Computing","computing@leedsbeckett.ac.uk","1401+"
"Leeds Beckett University","Engineering","eng.admissions@leedsbeckett.ac.uk","1401+"
"Leeds Beckett University","International Admissions","international@leedsbeckett.ac.uk","1401+"
"Leeds Beckett University","Student Finance","fees@leedsbeckett.ac.uk","1401+"
"Leeds Beckett University","Cyber Security MSc","pg.admissions@leedsbeckett.ac.uk","1401+"
"Leeds Beckett University","Accommodation","accommodation@leedsbeckett.ac.uk","1401+"
"York St John University","General Admissions","admissions@yorksj.ac.uk","1401+"
"York St John University","UG Admissions","ug.admissions@yorksj.ac.uk","1401+"
"York St John University","PGT Admissions","pg.admissions@yorksj.ac.uk","1401+"
"York St John University","PGR Admissions","phd.admissions@yorksj.ac.uk","1401+"
"York St John University","CS/Computing","computing@yorksj.ac.uk","1401+"
"York St John University","International Admissions","international@yorksj.ac.uk","1401+"
"York St John University","Student Finance","fees@yorksj.ac.uk","1401+"
"York St John University","AI/Cyber Security MSc","pg.admissions@yorksj.ac.uk","1401+"
"York St John University","Accommodation","accommodation@yorksj.ac.uk","1401+"
"Liverpool Hope University","General Admissions","admissions@hope.ac.uk","1401+"
"Liverpool Hope University","UG Admissions","ug.admissions@hope.ac.uk","1401+"
"Liverpool Hope University","PGT Admissions","pg.admissions@hope.ac.uk","1401+"
"Liverpool Hope University","PGR Admissions","phd.admissions@hope.ac.uk","1401+"
"Liverpool Hope University","CS/Computing","computing@hope.ac.uk","1401+"
"Liverpool Hope University","International Admissions","international@hope.ac.uk","1401+"
"Liverpool Hope University","Student Finance","fees@hope.ac.uk","1401+"
"Liverpool Hope University","Data Science/CS MSc","pg.admissions@hope.ac.uk","1401+"
"Liverpool Hope University","Accommodation","accommodation@hope.ac.uk","1401+"
"Univ of Chichester","General Admissions","admissions@chi.ac.uk","1401+"
"Univ of Chichester","UG Admissions","ug.admissions@chi.ac.uk","1401+"
"Univ of Chichester","PGT Admissions","pg.admissions@chi.ac.uk","1401+"
"Univ of Chichester","PGR Admissions","phd.admissions@chi.ac.uk","1401+"
"Univ of Chichester","CS/Computing","computing@chi.ac.uk","1401+"
"Univ of Chichester","International Admissions","international@chi.ac.uk","1401+"
"Univ of Chichester","Student Finance","fees@chi.ac.uk","1401+"
"Univ of Chichester","CS MSc","pg.admissions@chi.ac.uk","1401+"
"Univ of Chichester","Accommodation","accommodation@chi.ac.uk","1401+"
"Univ of Chichester","Engineering","eng.admissions@chi.ac.uk","1401+"
"Univ of West London","General Admissions","admissions@uwl.ac.uk","1401+"
"Univ of West London","UG Admissions","ug.admissions@uwl.ac.uk","1401+"
"Univ of West London","PGT Admissions","pg.admissions@uwl.ac.uk","1401+"
"Univ of West London","PGR Admissions","phd.admissions@uwl.ac.uk","1401+"
"Univ of West London","CS/Computing","computing@uwl.ac.uk","1401+"
"Univ of West London","International Admissions","international@uwl.ac.uk","1401+"
"Univ of West London","Student Finance","fees@uwl.ac.uk","1401+"
"Univ of West London","AI/Data Science MSc","pg.admissions@uwl.ac.uk","1401+"
"Univ of West London","Accommodation","accommodation@uwl.ac.uk","1401+"
"Univ of Winchester","General Admissions","admissions@winchester.ac.uk","1401+"
"Univ of Winchester","UG Admissions","ug.admissions@winchester.ac.uk","1401+"
"Univ of Winchester","PGT Admissions","pg.admissions@winchester.ac.uk","1401+"
"Univ of Winchester","PGR Admissions","phd.admissions@winchester.ac.uk","1401+"
"Univ of Winchester","CS/Computing","computing@winchester.ac.uk","1401+"
"Univ of Winchester","International Admissions","international@winchester.ac.uk","1401+"
"Univ of Winchester","Student Finance","fees@winchester.ac.uk","1401+"
"Univ of Winchester","Cyber Security/CS MSc","pg.admissions@winchester.ac.uk","1401+"
"Univ of Winchester","Accommodation","accommodation@winchester.ac.uk","1401+"
"Robert Gordon University","General Admissions","admissions@rgu.ac.uk","1401+"
"Robert Gordon University","UG Admissions","ug.admissions@rgu.ac.uk","1401+"
"Robert Gordon University","PGT Admissions","pg.admissions@rgu.ac.uk","1401+"
"Robert Gordon University","PGR Admissions","phd.admissions@rgu.ac.uk","1401+"
"Robert Gordon University","CS/Computing","computing@rgu.ac.uk","1401+"
"Robert Gordon University","Engineering","eng.admissions@rgu.ac.uk","1401+"
"Robert Gordon University","International Admissions","international@rgu.ac.uk","1401+"
"Robert Gordon University","Student Finance","fees@rgu.ac.uk","1401+"
"Robert Gordon University","AI/Cyber Security MSc","pg.admissions@rgu.ac.uk","1401+"
"Queen Margaret University","General Admissions","admissions@qmu.ac.uk","1401+"
"Queen Margaret University","UG Admissions","ug.admissions@qmu.ac.uk","1401+"
"Queen Margaret University","PGT Admissions","pg.admissions@qmu.ac.uk","1401+"
"Queen Margaret University","PGR Admissions","phd.admissions@qmu.ac.uk","1401+"
"Queen Margaret University","CS/Computing","computing@qmu.ac.uk","1401+"
"Queen Margaret University","International Admissions","international@qmu.ac.uk","1401+"
"Queen Margaret University","Student Finance","fees@qmu.ac.uk","1401+"
"Queen Margaret University","AI/Data Science MSc","pg.admissions@qmu.ac.uk","1401+"
"Queen Margaret University","Accommodation","accommodation@qmu.ac.uk","1401+"
"Abertay University","General Admissions","admissions@abertay.ac.uk","1401+"
"Abertay University","UG Admissions","ug.admissions@abertay.ac.uk","1401+"
"Abertay University","PGT Admissions","pg.admissions@abertay.ac.uk","1401+"
"Abertay University","PGR Admissions","phd.admissions@abertay.ac.uk","1401+"
"Abertay University","CS/Computing","computing@abertay.ac.uk","1401+"
"Abertay University","International Admissions","international@abertay.ac.uk","1401+"
"Abertay University","Student Finance","fees@abertay.ac.uk","1401+"
"Abertay University","Ethical Hacking/Cyber MSc","pg.admissions@abertay.ac.uk","1401+"
"Abertay University","AI/UX MSc","pg.admissions@abertay.ac.uk","1401+"
"St Marys Univ Twickenham","General Admissions","admissions@stmarys.ac.uk","1401+"
"St Marys Univ Twickenham","UG Admissions","ug.admissions@stmarys.ac.uk","1401+"
"St Marys Univ Twickenham","PGT Admissions","pg.admissions@stmarys.ac.uk","1401+"
"St Marys Univ Twickenham","PGR Admissions","phd.admissions@stmarys.ac.uk","1401+"
"St Marys Univ Twickenham","CS/Computing","computing@stmarys.ac.uk","1401+"
"St Marys Univ Twickenham","International Admissions","international@stmarys.ac.uk","1401+"
"St Marys Univ Twickenham","Student Finance","fees@stmarys.ac.uk","1401+"
"St Marys Univ Twickenham","CS/Data Science MSc","pg.admissions@stmarys.ac.uk","1401+"
"St Marys Univ Twickenham","Accommodation","accommodation@stmarys.ac.uk","1401+"
"Univ of Staffordshire","General Admissions","admissions@staffs.ac.uk","1401+"
"Univ of Staffordshire","UG Admissions","ug.admissions@staffs.ac.uk","1401+"
"Univ of Staffordshire","PGT Admissions","pg.admissions@staffs.ac.uk","1401+"
"Univ of Staffordshire","PGR Admissions","phd.admissions@staffs.ac.uk","1401+"
"Univ of Staffordshire","CS/Computing","computing@staffs.ac.uk","1401+"
"Univ of Staffordshire","International Admissions","international@staffs.ac.uk","1401+"
"Univ of Staffordshire","Student Finance","fees@staffs.ac.uk","1401+"
"Univ of Staffordshire","Cyber Security/CS MSc","pg.admissions@staffs.ac.uk","1401+"
"Univ of Staffordshire","Accommodation","accommodation@staffs.ac.uk","1401+"
"Leeds Trinity University","General Admissions","admissions@leedstrinity.ac.uk","1401+"
"Leeds Trinity University","UG Admissions","ug.admissions@leedstrinity.ac.uk","1401+"
"Leeds Trinity University","PGT Admissions","pg.admissions@leedstrinity.ac.uk","1401+"
"Leeds Trinity University","PGR Admissions","phd.admissions@leedstrinity.ac.uk","1401+"
"Leeds Trinity University","CS/Computing","computing@leedstrinity.ac.uk","1401+"
"Leeds Trinity University","International Admissions","international@leedstrinity.ac.uk","1401+"
"Leeds Trinity University","Student Finance","fees@leedstrinity.ac.uk","1401+"
"Leeds Trinity University","CS/Cyber Security MSc","pg.admissions@leedstrinity.ac.uk","1401+"
"Leeds Trinity University","Accommodation","accommodation@leedstrinity.ac.uk","1401+"
"Bishop Grosseteste Univ","General Admissions","admissions@bishopg.ac.uk","1401+"
"Bishop Grosseteste Univ","UG Admissions","ug.admissions@bishopg.ac.uk","1401+"
"Bishop Grosseteste Univ","PGT Admissions","pg.admissions@bishopg.ac.uk","1401+"
"Bishop Grosseteste Univ","PGR Admissions","phd.admissions@bishopg.ac.uk","1401+"
"Bishop Grosseteste Univ","CS/Computing","computing@bishopg.ac.uk","1401+"
"Bishop Grosseteste Univ","International Admissions","international@bishopg.ac.uk","1401+"
"Bishop Grosseteste Univ","Student Finance","fees@bishopg.ac.uk","1401+"
"Bishop Grosseteste Univ","CS/Data Science MSc","pg.admissions@bishopg.ac.uk","1401+"
"Bishop Grosseteste Univ","Accommodation","accommodation@bishopg.ac.uk","1401+"
"Cranfield University","General Admissions","admissions@cranfield.ac.uk","N/A"
"Cranfield University","PGT Admissions","pg.admissions@cranfield.ac.uk","N/A"
"Cranfield University","PGR Admissions","phd.admissions@cranfield.ac.uk","N/A"
"Cranfield University","CS/Computing","computing@cranfield.ac.uk","N/A"
"Cranfield University","Engineering","eng.admissions@cranfield.ac.uk","N/A"
"Cranfield University","International Admissions","international@cranfield.ac.uk","N/A"
"Cranfield University","Student Finance","fees@cranfield.ac.uk","N/A"
"Cranfield University","AI/Cyber/Data Science","pg.admissions@cranfield.ac.uk","N/A"
"SOAS Univ of London","General Admissions","admissions@soas.ac.uk","N/A"
"SOAS Univ of London","UG Admissions","ug.admissions@soas.ac.uk","N/A"
"SOAS Univ of London","PGT Admissions","pg.admissions@soas.ac.uk","N/A"
"SOAS Univ of London","PGR Admissions","phd.admissions@soas.ac.uk","N/A"
"SOAS Univ of London","CS/Computing","computing@soas.ac.uk","N/A"
"SOAS Univ of London","International Admissions","international@soas.ac.uk","N/A"
"SOAS Univ of London","Student Finance","fees@soas.ac.uk","N/A"
"SOAS Univ of London","Data Science/AI MSc","pg.admissions@soas.ac.uk","N/A"
"SOAS Univ of London","Accommodation","accommodation@soas.ac.uk","N/A"
"Open University","General Admissions","admissions@open.ac.uk","N/A"
"Open University","UG Admissions","ug.admissions@open.ac.uk","N/A"
"Open University","PGT Admissions","pg.admissions@open.ac.uk","N/A"
"Open University","PGR Admissions","phd.admissions@open.ac.uk","N/A"
"Open University","CS/Computing","computing@open.ac.uk","N/A"
"Open University","Engineering","eng.admissions@open.ac.uk","N/A"
"Open University","International Admissions","international@open.ac.uk","N/A"
"Open University","Student Finance","fees@open.ac.uk","N/A"
"Open University","AI/Cyber Security MSc","pg.admissions@open.ac.uk","N/A"
"London Metropolitan Univ","General Admissions","admissions@londonmet.ac.uk","N/A"
"London Metropolitan Univ","UG Admissions","ug.admissions@londonmet.ac.uk","N/A"
"London Metropolitan Univ","PGT Admissions","pg.admissions@londonmet.ac.uk","N/A"
"London Metropolitan Univ","PGR Admissions","phd.admissions@londonmet.ac.uk","N/A"
"London Metropolitan Univ","CS/Computing","computing@londonmet.ac.uk","N/A"
"London Metropolitan Univ","Engineering","eng.admissions@londonmet.ac.uk","N/A"
"London Metropolitan Univ","International Admissions","international@londonmet.ac.uk","N/A"
"London Metropolitan Univ","Student Finance","fees@londonmet.ac.uk","N/A"
"London Metropolitan Univ","AI/Cyber Security MSc","pg.admissions@londonmet.ac.uk","N/A"
"Wales Trinity Saint David","General Admissions","admissions@uwtsd.ac.uk","N/A"
"Wales Trinity Saint David","UG Admissions","ug.admissions@uwtsd.ac.uk","N/A"
"Wales Trinity Saint David","PGT Admissions","pg.admissions@uwtsd.ac.uk","N/A"
"Wales Trinity Saint David","PGR Admissions","phd.admissions@uwtsd.ac.uk","N/A"
"Wales Trinity Saint David","CS/Computing","computing@uwtsd.ac.uk","N/A"
"Wales Trinity Saint David","International Admissions","international@uwtsd.ac.uk","N/A"
"Wales Trinity Saint David","Student Finance","fees@uwtsd.ac.uk","N/A"
"Wales Trinity Saint David","AI/Cyber Security MSc","pg.admissions@uwtsd.ac.uk","N/A"
"Wales Trinity Saint David","Accommodation","accommodation@uwtsd.ac.uk","N/A"
"Wrexham Glyndwr Univ","General Admissions","admissions@glyndwr.ac.uk","N/A"
"Wrexham Glyndwr Univ","UG Admissions","ug.admissions@glyndwr.ac.uk","N/A"
"Wrexham Glyndwr Univ","PGT Admissions","pg.admissions@glyndwr.ac.uk","N/A"
"Wrexham Glyndwr Univ","PGR Admissions","phd.admissions@glyndwr.ac.uk","N/A"
"Wrexham Glyndwr Univ","CS/Computing","computing@glyndwr.ac.uk","N/A"
"Wrexham Glyndwr Univ","International Admissions","international@glyndwr.ac.uk","N/A"
"Wrexham Glyndwr Univ","Student Finance","fees@glyndwr.ac.uk","N/A"
"Wrexham Glyndwr Univ","Cyber Security/CS MSc","pg.admissions@glyndwr.ac.uk","N/A"
"Wrexham Glyndwr Univ","Accommodation","accommodation@glyndwr.ac.uk","N/A"
"Cardiff Metropolitan Univ","General Admissions","admissions@cardiffmet.ac.uk","N/A"
"Cardiff Metropolitan Univ","UG Admissions","ug.admissions@cardiffmet.ac.uk","N/A"
"Cardiff Metropolitan Univ","PGT Admissions","pg.admissions@cardiffmet.ac.uk","N/A"
"Cardiff Metropolitan Univ","PGR Admissions","phd.admissions@cardiffmet.ac.uk","N/A"
"Cardiff Metropolitan Univ","CS/Technology","cs.admissions@cardiffmet.ac.uk","N/A"
"Cardiff Metropolitan Univ","International Admissions","international@cardiffmet.ac.uk","N/A"
"Cardiff Metropolitan Univ","Student Finance","fees@cardiffmet.ac.uk","N/A"
"Cardiff Metropolitan Univ","Cyber/Robotics/AI MSc","pg.admissions@cardiffmet.ac.uk","N/A"
"Cardiff Metropolitan Univ","Accommodation","accommodation@cardiffmet.ac.uk","N/A"
"Univ of Buckingham","General Admissions","admissions@buckingham.ac.uk","N/A"
"Univ of Buckingham","UG Admissions","ug.admissions@buckingham.ac.uk","N/A"
"Univ of Buckingham","PGT Admissions","pg.admissions@buckingham.ac.uk","N/A"
"Univ of Buckingham","PGR Admissions","phd.admissions@buckingham.ac.uk","N/A"
"Univ of Buckingham","CS/Computing","computing@buckingham.ac.uk","N/A"
"Univ of Buckingham","International Admissions","international@buckingham.ac.uk","N/A"
"Univ of Buckingham","Student Finance","fees@buckingham.ac.uk","N/A"
"Univ of Buckingham","AI/CS MSc","pg.admissions@buckingham.ac.uk","N/A"
"Univ of Buckingham","Accommodation","accommodation@buckingham.ac.uk","N/A"
"University of Law","General Admissions","admissions@law.ac.uk","N/A"
"University of Law","UG Admissions","ug.admissions@law.ac.uk","N/A"
"University of Law","PGT Admissions","pg.admissions@law.ac.uk","N/A"
"University of Law","PGR Admissions","phd.admissions@law.ac.uk","N/A"
"University of Law","Legal Tech/CS MSc","pg.admissions@law.ac.uk","N/A"
"University of Law","International Admissions","international@law.ac.uk","N/A"
"University of Law","Student Finance","fees@law.ac.uk","N/A"
"University of Law","Accommodation","accommodation@law.ac.uk","N/A"
"University of Law","CAS Team","cas@law.ac.uk","N/A"
"Harper Adams University","General Admissions","admissions@harper-adams.ac.uk","N/A"
"Harper Adams University","UG Admissions","ug.admissions@harper-adams.ac.uk","N/A"
"Harper Adams University","PGT Admissions","pg.admissions@harper-adams.ac.uk","N/A"
"Harper Adams University","PGR Admissions","phd.admissions@harper-adams.ac.uk","N/A"
"Harper Adams University","CS/Computing","computing@harper-adams.ac.uk","N/A"
"Harper Adams University","International Admissions","international@harper-adams.ac.uk","N/A"
"Harper Adams University","Student Finance","fees@harper-adams.ac.uk","N/A"
"Harper Adams University","CS/Engineering MSc","pg.admissions@harper-adams.ac.uk","N/A"
"Harper Adams University","Accommodation","accommodation@harper-adams.ac.uk","N/A"
"Arts Univ Bournemouth","General Admissions","admissions@aub.ac.uk","N/A"
"Arts Univ Bournemouth","UG Admissions","ug.admissions@aub.ac.uk","N/A"
"Arts Univ Bournemouth","PGT Admissions","pg.admissions@aub.ac.uk","N/A"
"Arts Univ Bournemouth","PGR Admissions","phd.admissions@aub.ac.uk","N/A"
"Arts Univ Bournemouth","International Admissions","international@aub.ac.uk","N/A"
"Arts Univ Bournemouth","Student Finance","fees@aub.ac.uk","N/A"
"Arts Univ Bournemouth","Creative Tech/CS MSc","pg.admissions@aub.ac.uk","N/A"
"Arts Univ Bournemouth","Accommodation","accommodation@aub.ac.uk","N/A"
"Arts Univ Bournemouth","CAS Queries","cas@aub.ac.uk","N/A"
"Falmouth University","General Admissions","admissions@falmouth.ac.uk","N/A"
"Falmouth University","UG Admissions","ug.admissions@falmouth.ac.uk","N/A"
"Falmouth University","PGT Admissions","pg.admissions@falmouth.ac.uk","N/A"
"Falmouth University","PGR Admissions","phd.admissions@falmouth.ac.uk","N/A"
"Falmouth University","CS/Computing","computing@falmouth.ac.uk","N/A"
"Falmouth University","International Admissions","international@falmouth.ac.uk","N/A"
"Falmouth University","Student Finance","fees@falmouth.ac.uk","N/A"
"Falmouth University","AI for Games/Data Sci","pg.admissions@falmouth.ac.uk","N/A"
"Falmouth University","Accommodation","accommodation@falmouth.ac.uk","N/A"
"Univ of Highlands Islands","General Admissions","admissions@uhi.ac.uk","N/A"
"Univ of Highlands Islands","UG Admissions","ug.admissions@uhi.ac.uk","N/A"
"Univ of Highlands Islands","PGT Admissions","pg.admissions@uhi.ac.uk","N/A"
"Univ of Highlands Islands","PGR Admissions","phd.admissions@uhi.ac.uk","N/A"
"Univ of Highlands Islands","CS/Computing","computing@uhi.ac.uk","N/A"
"Univ of Highlands Islands","International Admissions","international@uhi.ac.uk","N/A"
"Univ of Highlands Islands","Student Finance","fees@uhi.ac.uk","N/A"
"Univ of Highlands Islands","AI/Cyber Security MSc","pg.admissions@uhi.ac.uk","N/A"
"Univ of Highlands Islands","Accommodation","accommodation@uhi.ac.uk","N/A"
"BPP University","General Admissions","admissions@bpp.com","N/A"
"BPP University","UG Admissions","ug.admissions@bpp.com","N/A"
"BPP University","PGT Admissions","pg.admissions@bpp.com","N/A"
"BPP University","PGR Admissions","phd.admissions@bpp.com","N/A"
"BPP University","International Admissions","international@bpp.com","N/A"
"BPP University","Student Finance","fees@bpp.com","N/A"
"BPP University","CS/Law Tech","cs.admissions@bpp.com","N/A"
"BPP University","AI in Business MSc","pg.admissions@bpp.com","N/A"
"BPP University","CAS Queries","cas@bpp.com","N/A"
"Regents Univ London","General Admissions","admissions@regents.ac.uk","N/A"
"Regents Univ London","UG Admissions","ug.admissions@regents.ac.uk","N/A"
"Regents Univ London","PGT Admissions","pg.admissions@regents.ac.uk","N/A"
"Regents Univ London","PGR Admissions","phd.admissions@regents.ac.uk","N/A"
"Regents Univ London","CS/Computing","computing@regents.ac.uk","N/A"
"Regents Univ London","International Admissions","international@regents.ac.uk","N/A"
"Regents Univ London","Student Finance","fees@regents.ac.uk","N/A"
"Regents Univ London","AI/Data Science MSc","pg.admissions@regents.ac.uk","N/A"
"Regents Univ London","Accommodation","accommodation@regents.ac.uk","N/A"
"Univ College Birmingham","General Admissions","admissions@ucb.ac.uk","N/A"
"Univ College Birmingham","UG Admissions","ug.admissions@ucb.ac.uk","N/A"
"Univ College Birmingham","PGT Admissions","pg.admissions@ucb.ac.uk","N/A"
"Univ College Birmingham","PGR Admissions","phd.admissions@ucb.ac.uk","N/A"
"Univ College Birmingham","CS/Computing","computing@ucb.ac.uk","N/A"
"Univ College Birmingham","International Admissions","international@ucb.ac.uk","N/A"
"Univ College Birmingham","Student Finance","fees@ucb.ac.uk","N/A"
"Univ College Birmingham","AI/Data Science MSc","pg.admissions@ucb.ac.uk","N/A"
"Univ College Birmingham","Accommodation","accommodation@ucb.ac.uk","N/A"
"Ravensbourne Univ London","General Admissions","admissions@rave.ac.uk","N/A"
"Ravensbourne Univ London","UG Admissions","ug.admissions@rave.ac.uk","N/A"
"Ravensbourne Univ London","PGT Admissions","pg.admissions@rave.ac.uk","N/A"
"Ravensbourne Univ London","PGR Admissions","phd.admissions@rave.ac.uk","N/A"
"Ravensbourne Univ London","CS/Computing","computing@rave.ac.uk","N/A"
"Ravensbourne Univ London","International Admissions","international@rave.ac.uk","N/A"
"Ravensbourne Univ London","Student Finance","fees@rave.ac.uk","N/A"
"Ravensbourne Univ London","Cyber/Data Science MSc","pg.admissions@rave.ac.uk","N/A"
"Ravensbourne Univ London","Accommodation","accommodation@rave.ac.uk","N/A"
"Plymouth Marjon Univ","General Admissions","admissions@marjon.ac.uk","N/A"
"Plymouth Marjon Univ","UG Admissions","ug.admissions@marjon.ac.uk","N/A"
"Plymouth Marjon Univ","PGT Admissions","pg.admissions@marjon.ac.uk","N/A"
"Plymouth Marjon Univ","PGR Admissions","phd.admissions@marjon.ac.uk","N/A"
"Plymouth Marjon Univ","CS/Computing","computing@marjon.ac.uk","N/A"
"Plymouth Marjon Univ","International Admissions","international@marjon.ac.uk","N/A"
"Plymouth Marjon Univ","Student Finance","fees@marjon.ac.uk","N/A"
"Plymouth Marjon Univ","CS/Data Science MSc","pg.admissions@marjon.ac.uk","N/A"
"Plymouth Marjon Univ","Accommodation","accommodation@marjon.ac.uk","N/A"
"Norwich Univ of Arts","General Admissions","admissions@nua.ac.uk","N/A"
"Norwich Univ of Arts","UG Admissions","ug.admissions@nua.ac.uk","N/A"
"Norwich Univ of Arts","PGT Admissions","pg.admissions@nua.ac.uk","N/A"
"Norwich Univ of Arts","PGR Admissions","phd.admissions@nua.ac.uk","N/A"
"Norwich Univ of Arts","International Admissions","international@nua.ac.uk","N/A"
"Norwich Univ of Arts","Student Finance","fees@nua.ac.uk","N/A"
"Norwich Univ of Arts","Creative Tech/Games MSc","pg.admissions@nua.ac.uk","N/A"
"Norwich Univ of Arts","Accommodation","accommodation@nua.ac.uk","N/A"
"Health Sciences University","General Admissions","admissions@healthsciences.ac.uk","N/A"
"Health Sciences University","UG Admissions","ug.admissions@healthsciences.ac.uk","N/A"
"Health Sciences University","PGT Admissions","pg.admissions@healthsciences.ac.uk","N/A"
"Health Sciences University","PGR Admissions","phd.admissions@healthsciences.ac.uk","N/A"
"Health Sciences University","International Admissions","international@healthsciences.ac.uk","N/A"
"Health Sciences University","Student Finance","fees@healthsciences.ac.uk","N/A"
"Health Sciences University","Health Informatics/DS","pg.admissions@healthsciences.ac.uk","N/A"
"Health Sciences University","CAS Team","cas@healthsciences.ac.uk","N/A"
"Royal Veterinary College","General Admissions","admissions@rvc.ac.uk","N/A"
"Royal Veterinary College","UG Admissions","ug.admissions@rvc.ac.uk","N/A"
"Royal Veterinary College","PGT Admissions","pg.admissions@rvc.ac.uk","N/A"
"Royal Veterinary College","PGR Admissions","phd.admissions@rvc.ac.uk","N/A"
"Royal Veterinary College","International Admissions","international@rvc.ac.uk","N/A"
"Royal Veterinary College","Student Finance","fees@rvc.ac.uk","N/A"
"Royal Veterinary College","Bioinformatics/Comp Bio","pg.admissions@rvc.ac.uk","N/A"
"Royal Veterinary College","CAS Team","cas@rvc.ac.uk","N/A"
"Glasgow School of Art","General Admissions","admissions@gsa.ac.uk","N/A"
"Glasgow School of Art","UG Admissions","ug.admissions@gsa.ac.uk","N/A"
"Glasgow School of Art","PGT Admissions","pg.admissions@gsa.ac.uk","N/A"
"Glasgow School of Art","PGR Admissions","phd.admissions@gsa.ac.uk","N/A"
"Glasgow School of Art","International Admissions","international@gsa.ac.uk","N/A"
"Glasgow School of Art","Student Finance","fees@gsa.ac.uk","N/A"
"Glasgow School of Art","Creative Computing MSc","pg.admissions@gsa.ac.uk","N/A"
"Glasgow School of Art","Serious Games/Data Viz","pg.admissions@gsa.ac.uk","N/A"
"Royal Conservatoire Scotland","General Admissions","admissions@rcs.ac.uk","N/A"
"Royal Conservatoire Scotland","UG Admissions","ug.admissions@rcs.ac.uk","N/A"
"Royal Conservatoire Scotland","PGT Admissions","pg.admissions@rcs.ac.uk","N/A"
"Royal Conservatoire Scotland","PGR Admissions","phd.admissions@rcs.ac.uk","N/A"
"Royal Conservatoire Scotland","International Admissions","international@rcs.ac.uk","N/A"
"Royal Conservatoire Scotland","Student Finance","fees@rcs.ac.uk","N/A"
"Royal Conservatoire Scotland","Digital Media/Music Tech","pg.admissions@rcs.ac.uk","N/A"
"Royal Conservatoire Scotland","Accommodation","accommodation@rcs.ac.uk","N/A"
"London Sch Hygiene Trop Med","General Admissions","admissions@lshtm.ac.uk","N/A"
"London Sch Hygiene Trop Med","PGT Admissions","pg.admissions@lshtm.ac.uk","N/A"
"London Sch Hygiene Trop Med","PGR Admissions","phd.admissions@lshtm.ac.uk","N/A"
"London Sch Hygiene Trop Med","International Admissions","international@lshtm.ac.uk","N/A"
"London Sch Hygiene Trop Med","Student Finance","fees@lshtm.ac.uk","N/A"
"London Sch Hygiene Trop Med","Health Data Science MSc","pg.admissions@lshtm.ac.uk","N/A"
"London Sch Hygiene Trop Med","AI in Health MSc","pg.admissions@lshtm.ac.uk","N/A"
"London Sch Hygiene Trop Med","CAS Team","cas@lshtm.ac.uk","N/A"
"Royal Agricultural Univ","General Admissions","admissions@rau.ac.uk","N/A"
"Royal Agricultural Univ","UG Admissions","ug.admissions@rau.ac.uk","N/A"
"Royal Agricultural Univ","PGT Admissions","pg.admissions@rau.ac.uk","N/A"
"Royal Agricultural Univ","PGR Admissions","phd.admissions@rau.ac.uk","N/A"
"Royal Agricultural Univ","International Admissions","international@rau.ac.uk","N/A"
"Royal Agricultural Univ","Student Finance","fees@rau.ac.uk","N/A"
"Royal Agricultural Univ","Data Science (Agri) MSc","pg.admissions@rau.ac.uk","N/A"
"Royal Agricultural Univ","Accommodation","accommodation@rau.ac.uk","N/A"
"Royal Agricultural Univ","CAS Team","cas@rau.ac.uk","N/A"
"Liverpool Sch Trop Medicine","General Admissions","admissions@lstmed.ac.uk","N/A"
"Liverpool Sch Trop Medicine","PGT Admissions","pg.admissions@lstmed.ac.uk","N/A"
"Liverpool Sch Trop Medicine","PGR Admissions","phd.admissions@lstmed.ac.uk","N/A"
"Liverpool Sch Trop Medicine","International Admissions","international@lstmed.ac.uk","N/A"
"Liverpool Sch Trop Medicine","Student Finance","fees@lstmed.ac.uk","N/A"
"Liverpool Sch Trop Medicine","Health Data Science MSc","pg.admissions@lstmed.ac.uk","N/A"
"Liverpool Sch Trop Medicine","Bioinformatics MSc","pg.admissions@lstmed.ac.uk","N/A"
"Liverpool Sch Trop Medicine","CAS Team","cas@lstmed.ac.uk","N/A"
"Royal College of Art","General Admissions","admissions@rca.ac.uk","N/A"
"Royal College of Art","PGT Admissions","pg.admissions@rca.ac.uk","N/A"
"Royal College of Art","PGR Admissions","phd.admissions@rca.ac.uk","N/A"
"Royal College of Art","International Admissions","international@rca.ac.uk","N/A"
"Royal College of Art","Student Finance","fees@rca.ac.uk","N/A"
"Royal College of Art","Creative AI/Digital Dir","pg.admissions@rca.ac.uk","N/A"
"Royal College of Art","Accommodation","accommodation@rca.ac.uk","N/A"
"Royal College of Art","CAS Team","cas@rca.ac.uk","N/A"
"Royal College of Music","General Admissions","admissions@rcm.ac.uk","N/A"
"Royal College of Music","UG Admissions","ug.admissions@rcm.ac.uk","N/A"
"Royal College of Music","PGT Admissions","pg.admissions@rcm.ac.uk","N/A"
"Royal College of Music","PGR Admissions","phd.admissions@rcm.ac.uk","N/A"
"Royal College of Music","International Admissions","international@rcm.ac.uk","N/A"
"Royal College of Music","Student Finance","fees@rcm.ac.uk","N/A"
"Royal College of Music","Music Tech/Digital Music","pg.admissions@rcm.ac.uk","N/A"
"Royal College of Music","CAS Team","cas@rcm.ac.uk","N/A"
"Univ of Wales","General Admissions","admissions@wales.ac.uk","N/A"
"Univ of Wales","UG Admissions","ug.admissions@wales.ac.uk","N/A"
"Univ of Wales","PGT Admissions","pg.admissions@wales.ac.uk","N/A"
"Univ of Wales","PGR Admissions","phd.admissions@wales.ac.uk","N/A"
"Univ of Wales","CS/Computing","computing@wales.ac.uk","N/A"
"Univ of Wales","International Admissions","international@wales.ac.uk","N/A"
"Univ of Wales","Student Finance","fees@wales.ac.uk","N/A"
"Univ of Wales","Data Science MSc","pg.admissions@wales.ac.uk","N/A"
"Univ of Wales","Accommodation","accommodation@wales.ac.uk","N/A"
"University of London","General Admissions","admissions@london.ac.uk","N/A"
"University of London","UG Admissions","ug.admissions@london.ac.uk","N/A"
"University of London","PGT Admissions","pg.admissions@london.ac.uk","N/A"
"University of London","PGR Admissions","phd.admissions@london.ac.uk","N/A"
"University of London","International Admissions","international@london.ac.uk","N/A"
"University of London","Student Finance","fees@london.ac.uk","N/A"
"University of London","Data Science/CS MSc","pg.admissions@london.ac.uk","N/A"
"University of London","Accommodation","accommodation@london.ac.uk","N/A"
"University of London","CAS Team","cas@london.ac.uk","N/A"
